CONFERÊNCIA EQUIPAMENTOS;Migração;true
ABERTURA CONCURSO PUBLICO;Migração;true
ABANDONO CARGO;Migração;true
ABERTURA AUDITORIA;Migração;true
ASSINATURA JORNAIS REVISTAS;Migração;true
ABERTURA CONVENIO;Migração;true
PROJETO LEI COMPLEMENTAR;Migração;true
ABONO FALTA;Migração;true
ABONO SALARIAL;Migração;true
AÇÃO ANULATORIA;Migração;true
AÇÃO CIVIL;Migração;true
AÇÃO CONCILIAÇÃO;Migração;true
AÇÃO DECLARATÓRIA;Migração;true
AÇÃO DEMOLITORIA;Migração;true
AÇÃO DESAPROPRIACAO;Migração;true
AÇÃO DESPEJO;Migração;true
PAGAMENTO TARIFA;Migração;true
AÇÃO EXECUTORIA;Migração;true
AÇÃO DISCIPLINAR;Migração;true
AÇÃO FALENCIA;Migração;true
AÇÃO FISCAL;Migração;true
AÇÃO IMEDIATA;Migração;true
AÇÃO INDENIZAÇÃO;Migração;true
AÇÃO INTEGRADA;Migração;true
AÇÃO JUDICIAL;Migração;true
AÇÃO ORDINARIA;Migração;true
AÇÃO PENAL;Migração;true
AÇÃO POPULAR;Migração;true
AÇÃO SUMARISSIMA;Migração;true
AÇÃO TRABALHISTA;Migração;true
AÇÃO USUCAPIAO;Migração;true
ACESSO AREA PUBLICA;Migração;true
ACESSO CARGO PUBLICO;Migração;true
RECEBIMENTO DOCUMENTOS;Migração;true
ACESSO GARAGEM;Migração;true
ACIDENTE TRABALHO;Migração;true
ACIDENTE TRANSITO;Migração;true
ACIDENTE VEICULO;Migração;true
ACORDO COLETIVO;Migração;true
ACORDO COLETIVO SALARIAL;Migração;true
ACORDO COMERCIAL;Migração;true
ABERTURA INQUERITO;Migração;true
ACORDO INDIVIDUAL;Migração;true
ACRESCIMO AREA;Migração;true
IMPLANTAÇÃO CONDOMINIO;Migração;true
CANCELAMENTO CONVENIO;Migração;true
ACORDO COOPERAÇÃO TÉCNICA ;Migração;true
ACUMULACAO CARGO;Migração;true
ADICIONAL PERICULOSIDADE;Migração;true
ADMISSÃO CONCURSADO;Migração;true
ALTERAÇÃO ACOSTAMENTO;Migração;true
ALTERAÇÃO ALVARA CONSTRUÇÃO;Migração;true
ALTERACAO ALVARA LEVANTAMENTO;Migração;true
ALTERACAO ALVARA FUNCIONAMENTO;Migração;true
ALTERAÇÃO AREA;Migração;true
ALTERACAO DESTINACAO AREA;Migração;true
ALTERACAO CADASTRO;Migração;true
AUTO NOTIFICAÇÃO;Migração;true
ALTERACAO CAPACIDADE TECNICA;Migração;true
ALTERACAO CAPITAL SOCIAL;Migração;true
ALTERACAO DE CARGO;Migração;true
PAGAMENTO IMPOSTO;Migração;true
ALTERACAO CARREIRA ASSISTENTE;Migração;true
LOCAÇÃO;Migração;true
DOCUMENTO INCINERADO P/COMISSÃO DE DOC.;Migração;true
INVASÃO E DEPREDAÇÃO DE IMOVEIS;Migração;true
FIRMAR CONVÊNIO;Migração;true
PUBLICAÇÃO ATO;Migração;true
ALTERACAO CODIGO;Migração;true
ALTERACAO CONTRATO OBRA;Migração;true
ALTERACAO CONVENIO;Migração;true
INDENIZACAO ACIDENTE;Migração;true
DESAPARECIMENTO DE MATERIAL DE CONSUMO;Migração;true
ALTERACAO CURVA SALARIAL;Migração;true
ALTERAÇÃO DECRETO;Migração;true
REVITALIZAÇÃO;Migração;true
RECOLHIMENTO CUSTAS PROCESSUAIS;Migração;true
DESCENTRALIZAÇÃO RECURSO;Migração;true
REVISAO ENQUADRAMENTO;Migração;true
ALTERAÇÃO ENDERECO;Migração;true
ALTERACAO ESTRUTURA FUNCIONAL;Migração;true
ENQUADRAMENTO;Migração;true
SOLICITA ESTUDO ENTREGA LOTE;Migração;true
AMPLIAÇÃO VIAS PUBLICAS;Migração;true
OCUPAÇÃO HABITACIONAL;Migração;true
CITAÇÃO JUDICIAL;Migração;true
ALTERACAO EDIFICACAO URBANA;Migração;true
PROGRAMA HABITACIONAL ;Migração;true
ALTERACAO ESTATUTO;Migração;true
RECLAMAÇÃO MORADIA;Migração;true
ALTERACAO JORNADA TRABALHO;Migração;true
AMPLIACAO ESTACIONAMENTO;Migração;true
ANTECIPACAO FERIAS;Migração;true
APOIO PUBLICO;Migração;true
APOIO CULTURA;Migração;true
APOIO FINANCEIRO;Migração;true
RESSARCIMENTO FINANCIAMENTO;Migração;true
AUTORIZAÇÃO PARTICIPAÇÃO TÉCNICA;Migração;true
APOSENTADORIA VOLUNTÁRIA;Migração;true
PERMUTA DE IMOVEIS;Migração;true
AQUISICAO AGUA MINERAL;Migração;true
AQUISICAO AR CONDICIONADO;Migração;true
REQUERIMENTO;Migração;true
DISPENSA PONTO;Migração;true
AQUISICAO DE COMBUSTIVEL;Migração;true
AQUISICAO DIVISORIA;Migração;true
AQUSICAO ELETRODOMESTICO;Migração;true
AQUISICAO EQUIPAMENTO;Migração;true
REDISTRIBUIÇÃO IMOVEL;Migração;true
AQUISICAO EQUIPAMENTO CONTROLE;Migração;true
AQUISICAO EQUIPAMENTO ELETRICO;Migração;true
DESPESA SERVICO POSTAL;Migração;true
ALTERAÇÃO NOME;Migração;true
CERTIDAO OBITO;Migração;true
BALANCETE;Migração;true
BAIXA BEM PATRIMONIAL;Migração;true
AUXILIO NATALIDADE;Migração;true
AUXILIO FINANCEIRO;Migração;true
ANALISE DE PROPOSTA DE POLIGONAL;Migração;true
AQUISICAO FERRAGEM;Migração;true
AQUISICAO FERRAMENTA;Migração;true
AQUISICAO FORMULARIO;Migração;true
AQUISICAO DE GENERO ALIMENTICIO;Migração;true
AQUISIÇÃO IMOVEL;Migração;true
AQUISICAO MATERIAL AGRICOLA;Migração;true
APURACAO DE FATOS;Migração;true
AQUISICAO MATERIAL BORRACHARIA;Migração;true
ABERTURA CONTRATO;Migração;true
AQUISICAO MATERIAL CONSERVACAO;Migração;true
AQUISICAO MATERIAL CONSTRUCAO;Migração;true
AQUISIÇÃO MATERIAL CONSUMO;Migração;true
CARTA HABITE-SE;Migração;true
ALVARA CONSTRUCAO;Migração;true
AQUISICAO MATERIAL DECORACAO;Migração;true
AQUISICAO MATERIAL DESENHO;Migração;true
AQUISICAO MATERIAL ELETRICO;Migração;true
AQUISICAO MATERIAL ESCOLAR;Migração;true
AQUISICAO MATERIAL ESCRITORIO;Migração;true
AQUISICAO MATERIAL ESPORTIVO;Migração;true
AQUISICAO MATERIAL FESTA;Migração;true
AQUISICAO MATERIAL FOTOGRAFICO;Migração;true
AQUISICAO MATERIAL HIDRAULICO;Migração;true
AQUISICAO MATERIAL AUDIOVISUAL;Migração;true
APROVACAO PROJETO;Migração;true
AQUISICAO MATERIAL IMPORTADO;Migração;true
AQUISICAO MATERIAL INFORMATICA;Migração;true
AQUISICAO MATERIAL INSETICIDA;Migração;true
AQUISICAO MATERIAL LABORATORIO;Migração;true
AQUISICAO MATERIAL LIMPEZA;Migração;true
AQUISICAO MATERIAL MARCENARIA;Migração;true
AQUISICAO MATERIAL MANUTENCAO;Migração;true
AQUISICAO EQUIPAMENTO SOM;Migração;true
PROJETO INCIAL;Migração;true
AQUISICAO MATERIAL ORNAMENTAL;Migração;true
AQUISICAO MATERIAL PINTURA;Migração;true
AQUISICAO MATERIAL PISCINA;Migração;true
AQUISICAO MATERIAL PREMIACAO;Migração;true
AQUISICAO MATERIAL PROMOCIONAL;Migração;true
AQUISICAO MATERIAL RECICLADO;Migração;true
PROJETO ACRESCIMO;Migração;true
INCLUIR NO PROGRAMA DE MORADIA;Migração;true
AQUISICAO MATERIAL SEGURANCA;Migração;true
AQUISICAO MATERIAL SOM;Migração;true
AQUISICAO MATERIAL SINALIZACAO;Migração;true
AQUISICAO TACOMETRO;Migração;true
AQUISIÇÃO AREA;Migração;true
ARRENDAMENTO AREA AGRICOLA;Migração;true
ARRENDAMENTO AREA RURAL;Migração;true
ASCENSAO FUNCIONAL;Migração;true
ASSISTENCIA FAMILIAR;Migração;true
ASSISTENCIA JURIDICA;Migração;true
ASSISTENCIA MEDICA000;Migração;true
ASSISTENCIA SOCIAL;Migração;true
ASSISTENCIA TECNICA;Migração;true
ATESTADO EXECUCAO;Migração;true
ATESTADO MEDICO;Migração;true
ATESTADO REGULARIDADE IMOVEL;Migração;true
ATIVIDADE ESCOLAR;Migração;true
DEVOLUÇÃO DE ADIANTAMENTO DE FÉRIAS;Migração;true
ARQUIVAMENTO DE DOCUMENTOS;Migração;true
AUTO EMBARGO;Migração;true
AUTO INFRACAO;Migração;true
VISTO DE PROJETO DE OBRA;Migração;true
AUTORIZACAO DESPESA;Migração;true
AUXILIO FUNERAL;Migração;true
BAIXA INSCRIÇÃO;Migração;true
BENEFICIO DEFICIENTE FISICO;Migração;true
PROJETO DE REVITALIZAÇÃO;Migração;true
LIBERACAO VEICULO;Migração;true
JUNTA MEDICA;Migração;true
ENCADERNAÇÃO DE DOCUMENTOS;Migração;true
REGULARIZAÇÃO DE NGB;Migração;true
CANCELAMENTO DEBITO;Migração;true
RESCISÃO DE CONVÊNIO;Migração;true
PUBLICAÇÃO ;Migração;true
AUTORIZAÇÃO PARA INSTALAÇÃO DE ÁGUA;Migração;true
INCORPORAÇÃO DE DÉCIMOS;Migração;true
CANCELAMENTO USO TACOMETRO;Migração;true
CAPTACAO AGUA;Migração;true
CERTIDAO REGULARIDADE IMOVEL;Migração;true
CERTIDAO TEMPO SERVICO;Migração;true
CONCESSAO AREA;Migração;true
CONCESSAO BENEFICIO;Migração;true
CONCESSAO DIARIA;Migração;true
CONCESSAO FERIAS;Migração;true
CONCESSÃO DE USO;Migração;true
CONSERVACAO AREA;Migração;true
CONSERVACAO BEM PUBLICO;Migração;true
PROGRAMA HABITAR BRASIL BID;Migração;true
CONCURSO PÚBLICO NACIONAL DE ARQUITETURA;Migração;true
CONSTRUÇÃO CASA;Migração;true
COMISSÃO DE SINDICÂNCIA;Migração;true
CONSTRUCAO EDIFICACAO;Migração;true
CONSTRUCAO ESTACIONAMENTO;Migração;true
CONTRATACAO ESTAGIARIO;Migração;true
COOPERACAO TECNICA CIENTIFICA;Migração;true
DEFERIMENTO PROCESSO;Migração;true
CREDITO ADICIONAL;Migração;true
ABERTURA DE CREDITO ;Migração;true
ENCAMINHA PROPOSTA;Migração;true
RELATÓRIO DE AUDITORIA;Migração;true
CRIAÇÃO CARGO;Migração;true
CRIAÇÃO CARGO COMISSAO;Migração;true
CRIACAO CODIGO;Migração;true
CRIACAO CONSULTORIA;Migração;true
CRIACAO CRECHE;Migração;true
CRIAÇÃO DECRETO;Migração;true
MINUTA DECRETO;Migração;true
CRIACAO DELEGACIA;Migração;true
CRIACAO ESTATUTO;Migração;true
DESIGNAÇÃO AREA;Migração;true
ENCERRAMENTO DE EXERCÍCIO;Migração;true
DANO BEM PUBLICO;Migração;true
DECLARACAO UTILIDADE PUBLICA;Migração;true
DEMARCAÇÃO DE  ÁREA;Migração;true
NOTIFICAÇÃO;Migração;true
DENÚNCIA ;Migração;true
RECOLHIMENTO TAXA;Migração;true
SOLICITA CERCAMENTO DE ÁREA;Migração;true
DESAPROPRIAÇÃO ÁREA;Migração;true
EMISSAO NOTA EMPENHO;Migração;true
DESCONTO CONTRIBUICAO SINDICAL;Migração;true
DESPESA HOSPEDAGEM;Migração;true
DESTINACAO AREA;Migração;true
ENCAMINHA INFORMAÇÕES;Migração;true
DESTINAÇÃO AREA ASSENTAMENTO;Migração;true
DEMISSAO DE SERVIDOR;Migração;true
DIREITO USO AREA;Migração;true
SUSPENSÃO DEMOLIÇÃO;Migração;true
DOACAO AREA;Migração;true
SOLICITA SEGUNDA VIA DE DOCUMENTO;Migração;true
DOTACAO ORCAMENTARIA;Migração;true
EMBARGO CONSTRUCAO;Migração;true
EMPRESTIMO BEM PUBLICO;Migração;true
EMPRESTIMO CAPITAL SOCIAL;Migração;true
RECOLHIMENTO DE GUIAS;Migração;true
FALTA INJUSTIFICADA;Migração;true
FECHAMENTO AREA;Migração;true
FINANCEAMENTO CASA PROPRIA;Migração;true
FISCALIZACAO OBRA;Migração;true
FOLHA PAGAMENTO;Migração;true
FOLHA PAGAMENTO PENSAO;Migração;true
FOLHA PAGAMENTO SUPLEMENTAR;Migração;true
FUNCIONAMENTO ESTABELECIMENTO;Migração;true
GRATIFICACAO FUNCAO;Migração;true
GRATIFICACAO GABINETE;Migração;true
APREENSAO DOCUMENTO;Migração;true
GRATIFICACAO NATALINA;Migração;true
GRATIFICACAO PRODUTIVIDADE;Migração;true
GUIA RECOLHIMENTO;Migração;true
GRATIFICACAO RISCO;Migração;true
HABEAS CORPUS;Migração;true
HORA EXTRA;Migração;true
INCENTIVO ESPORTE;Migração;true
INCLUSÃO DEPENDENTE;Migração;true
INCORPORACAO GRATIFICACAO;Migração;true
INDENIZACAO AREA;Migração;true
TRANFERENCIA DE DOCUMENTO;Migração;true
INSTALACAO BEM PUBLICO;Migração;true
APOIO ADMINISTRATIVO;Migração;true
ANULACAO PROVA;Migração;true
INSUBORDINACAO SERVIDOR;Migração;true
INVASAO AREA PUBLICA;Migração;true
JORNADA TRABALHO;Migração;true
LIBERACAO ALVARA CONSTRUCAO;Migração;true
LIBERACAO ;Migração;true
LIBERACAO CAPITAL SOCIAL;Migração;true
LIBERACAO COTA;Migração;true
LEGALIZAÇÃO AREA;Migração;true
LIBERACAO ALVARA FUNCIONAMENTO;Migração;true
LIBERACAO ALVARA LEVANTAMENTO;Migração;true
LIBERACAO AREA;Migração;true
LIBERACAO ATIVIDADE COMERCIAL;Migração;true
LIBERACAO BANCA FEIRA;Migração;true
LIBERACAO ATIVIDADE ELEITORAL;Migração;true
LIBERACAO BANCA JORNAL;Migração;true
LIBERACAO CODIGO;Migração;true
LIBERACAO CONTRATO SOCIAL;Migração;true
LIBERACAO FGTS;Migração;true
LIBERACAO ATIVIDADE POLUIDORA;Migração;true
MANUTENCAO AR CONDICIONADO;Migração;true
MANUTENCAO FERRAGENS;Migração;true
AÇÕES GOVERNAMENTAIS;Migração;true
OPCAO CARGO;Migração;true
LIBERACAO DE RECURSOS;Migração;true
PAGAMENTO DIVIDA ATIVA;Migração;true
PAGAMENTO PRESTAÇÃO;Migração;true
PAGAMENTO INSCRICAO CURSO;Migração;true
ALTERACAO ANTEPROJETO LEI;Migração;true
PARCELAMENTO AREA;Migração;true
PARTICIPACAO DE CURSO;Migração;true
PROMOCAO EVENTO;Migração;true
PRORROGACAO DE FERIAS;Migração;true
PUBLICACAO EDITAL;Migração;true
READMISSAO FUNCAO;Migração;true
RECOLHIMENTO DIVIDA;Migração;true
ANUÁRIO ESTÁTISTICO;Migração;true
REGULARIZACAO AREA;Migração;true
CARTEIRA IMOBILIARIA;Migração;true
REGULARIZACAO DE CONDOMINIO;Migração;true
RETIFICAR;Migração;true
RELACAO DESCONTO;Migração;true
RELACAO DESCONTO FGTS;Migração;true
RELACAO DESCONTO INSS;Migração;true
RELACAO DESCONTO IR;Migração;true
ALTERACAO CONTRATO;Migração;true
COMUNICA PADRONIZAÇÃO DE POSTAGEM;Migração;true
RENOVACAO CONTRATO SOCIAL;Migração;true
ABERTURA RELATORIO;Migração;true
COMUNICA FATOS;Migração;true
RESCISAO CONTRATO TRABALHO;Migração;true
AVERBAÇÃO DE RESERVA LEGAL;Migração;true
SOLICITAÇÃO DE VISTORIA;Migração;true
SOLICITAÇÃO DE ADOÇÃO;Migração;true
SUPRIMENTO FUNDO;Migração;true
EXECUCAO DE SERVICOS EXTRAS;Migração;true
TRANSFERENCIA AREA;Migração;true
INDICAÇÃO DE SERVIDOR;Migração;true
PESQUISA;Migração;true
TRANSFERENCIA DELEGACIA;Migração;true
TRANSPOSICAO DE CARGO;Migração;true
DPF;Migração;true
UTILIZACAO DE GABARITO;Migração;true
UTILIZACAO ABATEDOURO;Migração;true
ABERTURA LICITACAO;Migração;true
ABERTURA LICITACAO CONVITE;Migração;true
REFORMULAÇÃO DE AREA;Migração;true
ABERTURA SINDICANCIA;Migração;true
ABERTURA TOMADA CONTA;Migração;true
ABERTURA TOMADA PRECO;Migração;true
IMPLANTAÇÃO DE PROJETO;Migração;true
ACESSO VIA PÚBLICA;Migração;true
PROJETO DE OCUPAÇÃO DE AREA;Migração;true
ACRESCIMO PERCENTUAL PENSAO;Migração;true
ADICIONAL DE INSALUBRIDADE;Migração;true
ADICIONAL NOTURNO;Migração;true
AFASTAMENO PAIS;Migração;true
AGREGACAO OFICIAL MILITAR;Migração;true
AUTORIZACAO PARA  A ENTRADA NO PREDIO;Migração;true
ALTERACAO CONVENIO OBRA SOCIAL;Migração;true
ALTERAÇÃO LEI ;Migração;true
ALTERACAO PROJETO URBANISTICO;Migração;true
ALTERACAO NORMA;Migração;true
ALTERACAO ORCAMENTARIA;Migração;true
ALTERACAO PRECO;Migração;true
RETIFICAÇÃO DE ÁREA;Migração;true
ALTERACAO PROJETO;Migração;true
ALTERACAO PROJETO LEI;Migração;true
ALTERACAO PROJETO VIARIO;Migração;true
QDD - QUADRO DE DETALHAMENTO DA DESPESA;Migração;true
TRANSFERÊNCIA DE ARQUIVOS;Migração;true
ALTERACAO RECURSO FINANCEIRO;Migração;true
ALTERACAO REGIME;Migração;true
ALTERACAO REGIME TRABALHO;Migração;true
ALTERACAO REGIME JURIDICO;Migração;true
INFORMA CONCLUSÃO DE OBRA;Migração;true
ALTERACAO DE RELATORIO;Migração;true
ALTERACAO SALARIO;Migração;true
ALTERACAO SISTEMA SANITARIO;Migração;true
ALTERACAO USINA;Migração;true
ALTERACAO VERBAL;Migração;true
ALUGUEL IMOVEL COMERCIAL;Migração;true
AQUISICAO MATERIAL ELETRONICO;Migração;true
ANTECIPACAO SALARIO;Migração;true
ANULACAO INQUERITO;Migração;true
CONSELHO DISCIPLINAR;Migração;true
ANULACAO DE INQUERITO POLICIAL;Migração;true
ANULACAO OCORRENCIA;Migração;true
APLICACAO MULTA;Migração;true
AQUISICAO EQUIPAMENTO METRO;Migração;true
APLICACAO REGULAMENTO;Migração;true
DESAFETACAO DE ÁREA PÚBLICA;Migração;true
CONSELHO JUSTIFICACAO;Migração;true
APROVACAO QUADRO DEMONSTRATIVO;Migração;true
APROVACAO REGIME JURIDICO;Migração;true
APROVACAO REGULAMENTO;Migração;true
APROVACAO RELATORIO;Migração;true
AQUISIÇÃO IMOVEL MANGUEIRAL ;Migração;true
AQUISICAO INSTRUMENTO MEDICO;Migração;true
AQUISICAO INSTRUMENTO ODONTOLOGICO;Migração;true
AQUISICAO LINHA TELEFONICA;Migração;true
AQUISIÇÃO LOTE;Migração;true
AQUISICAO MADEIRA;Migração;true
AQUISICAO MAQUINA;Migração;true
AQUISICAO MEDICAMENTO;Migração;true
AQUISICAO MOBILIARIO;Migração;true
AQUISICAO PASSAGEM;Migração;true
FORNECIMENTO TICKET REFEICAO;Migração;true
AQUISICAO PECA VEICULO;Migração;true
AQUISICAO PERIODICO;Migração;true
AQUISICAO PRODUTO QUIMICO;Migração;true
AQUISICAO SELO;Migração;true
AQUISICAO VALE TRANSPORTE;Migração;true
AQUISICAO UTENSILIO DOMESTICO;Migração;true
AQUISICAO VEICULO;Migração;true
AQUISICAO VESTUARIO;Migração;true
MANDADO DE PENHORA;Migração;true
FORNECIMENTO ALIMENTACAO;Migração;true
MINUTA DE LEI;Migração;true
AUTORIZACAO VIAGEM;Migração;true
AUTORIZAÇÃO VISTORIA TECNICA;Migração;true
AVERBACAO TEMPO SERVICO;Migração;true
CANCELAMENTO LICITACAO CONVITE;Migração;true
CANCELAMENTO MULTA;Migração;true
CANCELAMENTO NOTA FISCAL;Migração;true
CANCELAMENTO ORDEM SERVICO;Migração;true
CANCELAMENTO PENSAO;Migração;true
CANCELAMENTO PRAZO;Migração;true
CANCELAMENTO PROPOSTA;Migração;true
REMOÇÃO FAMILIAS ;Migração;true
DUPLICIDADE DE ENDEREÇO;Migração;true
CANCELAMENTO REGISTRO;Migração;true
CANCELAMENTO REGULAMENTO;Migração;true
CANCELAMENTO SALDO;Migração;true
CANCELAMENTO SEGURO;Migração;true
CANCELAMENTO SINDICANCIA;Migração;true
CANCELAMENTO TOMADA CONTA;Migração;true
CANCELAMENTO VERBA;Migração;true
CONCESSÃO IMOVEL;Migração;true
CONCESSAO REFERENCIA;Migração;true
CONFECCAO IMPRESSO;Migração;true
CONSERVACAO OBRA PUBLICA;Migração;true
CONTRATACAO SERVIDOR MENOR;Migração;true
CONTRIBUICAO SINDICAL;Migração;true
construcao de terminal rodoviario;Migração;true
CONTRATO TERMO ACEITACAO;Migração;true
CONTRATO TERMO OCUPACAO;Migração;true
SANEAMENTO BASICO;Migração;true
CONTRATO TERMO TRANSFERENCIA;Migração;true
CONSULTA PRÉVIA;Migração;true
CONTROLE ATIVIDADE POLUIDORA;Migração;true
CONVENIO OBRA SOCIAL;Migração;true
CRIACAO NORMA;Migração;true
CRIACAO POSTO ATENDIMENTO;Migração;true
CRIACAO POSTO FISCAL;Migração;true
CRIACAO PROCESSAMENTO DADOS;Migração;true
CRIACAO QUADRO PESSOAL;Migração;true
CRIACAO REGIMENTO;Migração;true
CRIACAO TABELA;Migração;true
DEFESA NOTIFICACAO;Migração;true
MANUNTENCAO EQUIPAMENTO ELETRONICO;Migração;true
DESAVERBACAO TEMPO SERVICO;Migração;true
DESCONTO SEGURO;Migração;true
DESPESA PUBLICIDADE;Migração;true
DESPESA SERVICO FOTOGRAFICO;Migração;true
DESTINAÇÃO LOTE;Migração;true
DOACAO VERBA;Migração;true
ELABORACAO PROGRAMA;Migração;true
ELABORACAO PROGRAMA DESEMBOLSO;Migração;true
ELABORACAO PROJETO;Migração;true
ELABORACAO  PROJETO URBANISTICO;Migração;true
ELABORACAO PROJETO VIARIO;Migração;true
ELABORACAO RELATORIO;Migração;true
EMISSAO ORDEM SERVICO;Migração;true
ENCAMINHA RELAÇÃO  ;Migração;true
EQUIVALENCIA CURSO;Migração;true
ESTRATEGIA MATRICULA ESCOLAR;Migração;true
GRATIFICACAO REGENCIA CLASSE;Migração;true
INSTALACAO REDE AGUA;Migração;true
INSTALACAO REDE ELETRICA;Migração;true
INSTALACAO REDE ESGOTO;Migração;true
INSTALACAO REDE TELEFONICA;Migração;true
IMPLANTACAO REGIME JURIDICO;Migração;true
IMPLANTACAO REGIMENTO;Migração;true
IMPLANTACAO SUBESTACAO;Migração;true
INCENTIVO FISCAL;Migração;true
INCENTIVO FUNCIONAL;Migração;true
INCLUSAO PROVA JURIDICA;Migração;true
INCLUSAO SALARIO FAMILIA;Migração;true
INCORPORACAO POLICIAL;Migração;true
APOIO EVENTO;Migração;true
INDENIZACAO TRANSPORTE;Migração;true
INDICACAO POSTO ATENDIMENTO;Migração;true
INDICACAO POSTO FISCAL;Migração;true
INQUERITO ADMINISTRATIVO;Migração;true
INQUERITO POLICIAL;Migração;true
INSPENCAO OBRA SOCIAL;Migração;true
INSTALACAO ILUMINACAO;Migração;true
INSTALACAO ILUMINACAO PUBLICA;Migração;true
INSTALACAO PONTO VENDA;Migração;true
INVENTARIO BEM PATRIMONIAL;Migração;true
IRREGULARIDADE INQUERITO;Migração;true
IRREGULARIDADE LOTE;Migração;true
IRREGULARIDADE OBRAS;Migração;true
IRREGULARIDADE PONTO VENDA;Migração;true
PRORROGACAO PRAZO REQUISICAO;Migração;true
IRREGULARIDADE POSTO FISCAL;Migração;true
IRREGULARIDADE PROPOSTA;Migração;true
IRREGULARIDADE TRAILLER;Migração;true
ISENCAO INPC;Migração;true
ISENCAO IMPOSTO;Migração;true
ISENCAO IPTU;Migração;true
ISENCAO IPVA;Migração;true
ISENCAO ISS;Migração;true
ISENCAO MULTA;Migração;true
ALTERACAO TABELA;Migração;true
LANCAMENTO TRIBUTARIO;Migração;true
LAUDO MEDICO;Migração;true
LAUDO TECNICO;Migração;true
LICENCA ESPECIAL;Migração;true
LICENCA MEDICA;Migração;true
LICENCA PREMIO ASSIDUIDADE;Migração;true
LICENCA PROVISORIA;Migração;true
LIQUIDACAO DE DEBITO;Migração;true
MANDADO SEGURANÇA;Migração;true
MANDATO SEGURANCA;Migração;true
MANUTENCAO ILUMINACAO;Migração;true
MANUTENCAO SISTEMA SANITARIO;Migração;true
MANUTENCAO SISTEMA VIARIO;Migração;true
MANUTENCAO SUBESTACAO;Migração;true
MUDNCA INSTALACAO FISICA;Migração;true
NOMEACAO POSSE CARGO;Migração;true
OCORRENCIA;Migração;true
OCORRENCIA FURTO;Migração;true
OCORRENCIA POLICIAL;Migração;true
OCUPACAO ESPACO SOCIAL;Migração;true
PAGAMENTO NOTIFICACAO;Migração;true
PAGAMENTO PRESTACAO SERVICO;Migração;true
SOLICITACAO DE PAGAMENTO DE FOLHA;Migração;true
PAGAMENTO SALARIO FAMILIA;Migração;true
PAGAMENTO SEGURO;Migração;true
PROGRESSÃO FUNCIONAL ;Migração;true
PAGAMENTO SEGURO OBRIGARIO;Migração;true
PAGAMENTO TAXA;Migração;true
PAGAMENTO TITULO;Migração;true
PAGAMENTO TLP;Migração;true
PAGAMANTO VENCIMENTO;Migração;true
PENSAO ALIMENTICIA;Migração;true
PARTILHA DOS DIREITOS;Migração;true
PLANO CARGO SALARIO;Migração;true
PLANO ORCAMENTARIO;Migração;true
PLANILHA CUSTO;Migração;true
precatorio;Migração;true
PRESERVACAO MEIO AMBIENTE;Migração;true
PRESTACAO SERVICO;Migração;true
PRESTACAO SERVICO LIMPEZA;Migração;true
PROCESSO ADMINISTRATIVO;Migração;true
PROMOCAO INCENTIVO FUNCIONAL;Migração;true
LAUDO CIRCUSTANCIADO;Migração;true
PRORROGACAO PRAZO;Migração;true
REAJUSTE TABELA;Migração;true
RECONSIDERAÇÃO RECURSO;Migração;true
OCUPAÇÃO IMOVEL;Migração;true
RECURSO ADMINISTRATIVO;Migração;true
REDUCAO E DESCONTO;Migração;true
REEMBOLSO SALARIO ENCARGO;Migração;true
REFORMA ADMINISTRATIVA;Migração;true
REFORMA INSTALACAO FISICA;Migração;true
REGISTRO EMPRESA;Migração;true
REGISTRO DE ENTIDADE;Migração;true
ANTECIPACAO DECIMO TERCEIRO;Migração;true
REGULARIZAÇÃO IMOVEL;Migração;true
REGULARIZACAO IMOVEL COMERCIAL;Migração;true
REGULARIZACAO IMPOSTO;Migração;true
REGULARIZAÇÃO LOTE;Migração;true
REGULARIZACAO NORMA;Migração;true
REGULARIZACAO OBRA SOCIAL;Migração;true
CANCELAMENTO CONCORRENCIA;Migração;true
REMANEJAMENTO REDE AGUA;Migração;true
REMANEJAMENTO REDE ESGOTO;Migração;true
REMANEJAMENTO REDE TELEFONICA;Migração;true
REMUNERACAO DE SERVICO;Migração;true
REMUNERACAO SERVIDOR;Migração;true
RENOVACAO INSCRICAO;Migração;true
RETIFICACAO SALARIO;Migração;true
REQUISICAO SERVIDOR;Migração;true
REVISAO DE PROJETOS;Migração;true
revogacao decreto;Migração;true
seguranca obra publica;Migração;true
SUBSIDIO TRANSPORTE;Migração;true
SECRETARIA DE EDUCAÇÃO;Migração;true
TERMO ADITIVO CONTRATO;Migração;true
TOMADA DE PRECOS;Migração;true
SOLICITA INFORMAÇÃO DE CONVOCADOS;Migração;true
TRANSFERENCIA  DE DIREITOS;Migração;true
RELATORIO PROGRAMA MORAR MELHOR;Migração;true
TRANSFERENCIA PLACA;Migração;true
TRANSFERENCIA TITULARIDADE;Migração;true
URBANIZAÇÃO AREA;Migração;true
VISTORIA TECNICA;Migração;true
TREINAMENTO PESSOAL;Migração;true
INCORPORACAO BEM PATRIMONIAL;Migração;true
LICENCA EXECUCAO OBRA;Migração;true
FUNDO ROTATIVO;Migração;true
CONTRATO SERVICO VIGILANCIA;Migração;true
CONTRATO SERVICO LIMPEZA;Migração;true
RECLAMACAO CONSUMO AGUA;Migração;true
RECLAMACAO ESGOTO;Migração;true
TERMO QUITACAO;Migração;true
MANUTENCAO EQUIPAMENTO ESCRITORIO;Migração;true
CANCELAMENTO CONTRATO;Migração;true
TOMADA DE CONTA ESPECIAL;Migração;true
ANALISE PROJETO HIDRAULICO SANITARIO;Migração;true
ASSISTENCIA FARMACEUTICA;Migração;true
ASSISTENCIA ODONTOLOGICA;Migração;true
ABERTURA CONCURSO INTERNO;Migração;true
AQUISICAO MAQUINA REGISTRADORA;Migração;true
AQUISICAO MATERIAL PROTECAO;Migração;true
CONTRATACAO PESSOAL;Migração;true
DEVOLUCAO CREDITO;Migração;true
INVENTARIO FISICO FINANCEIRO;Migração;true
RENOVACAO CONTRATO;Migração;true
SEGURO VIDA;Migração;true
SEGURO RISCO;Migração;true
SEGURO VEICULO;Migração;true
SEGURO BEM PATRIMONIAL;Migração;true
ALIENACAO BEM PATRIMONIAL;Migração;true
ALTERACAO FUNCAO;Migração;true
ALTERACAO TABELA PREGO;Migração;true
AQUISICAO BEBEDOURO;Migração;true
AQUISICAO GAS;Migração;true
AQUISICAO PASSE;Migração;true
AQUISICAO MATERIAL CAPOTARIA;Migração;true
AQUISICAO SOFTWARE;Migração;true
ASSEMBLEIA GERAL ORDINARIA;Migração;true
ASSEMBEIA ORDINARIA ACIONISTA;Migração;true
AUTORIZACAO PARA EXAME;Migração;true
AUXILIO CRECHE;Migração;true
AUXILIO DOENCA;Migração;true
AVALIACAO IMOVEL;Migração;true
BALANCETE ORCAMENTARIO;Migração;true
BALANCO PATRIMONIAL INTERMEDIARIO;Migração;true
COMPLEMENTACAO DIARIA;Migração;true
COMPLEMENTACAO SALARIAL;Migração;true
CONTRIBUICAO SOCIAL;Migração;true
COOPERATIVA HABITACIONAL;Migração;true
DEPRECIACAO BEM;Migração;true
CONSTRUCAO DE SALA;Migração;true
DEVOLUCAO EQUIPAMENTO;Migração;true
CANCELAMENTO LICENCA S/VENCIMENTO;Migração;true
ESTAGIO TECNICO EXTERIOR;Migração;true
ESTIMATIVA CUSTO;Migração;true
FINSOCIAL;Migração;true
FOTO AEREA;Migração;true
CRIACAO GRUPO TRABALHO;Migração;true
INDICE CUSTO VIDA;Migração;true
INFRACAO TRANSITO;Migração;true
LICENCA USO;Migração;true
LICITACAO TOMADA PRECO;Migração;true
LOCACAO EQUIPAMENTO;Migração;true
ALTERACAO REGULAMENTO;Migração;true
LOCACAO DE VEICULO;Migração;true
MANUTENCAO TELEFONICA;Migração;true
MINERACAO GEOCONOMICA;Migração;true
ELABORACAO NORMA;Migração;true
PAGAMENTO CORRECAO MONETARIA;Migração;true
PAGAMENTO ESTAGIARIO;Migração;true
PAGAMENTO MULTA;Migração;true
PARECER TECNICO;Migração;true
PARECER JURIDICO;Migração;true
PARTICIPACAO EVENTO;Migração;true
DEVOLUÇÃO DE SERVIDOR;Migração;true
PROGRAMA BOM MENINO;Migração;true
PRORROGACAO CONTRATO;Migração;true
PRORROGAÇÃO SUSPENSÃO CONTRATO;Migração;true
RECLAMACAO TRABALHISTA;Migração;true
REAJUSTE PREO                         .;Migração;true
REAJUSTE SALARIAL;Migração;true
ALTERACAO DOCUMENTO;Migração;true
REGIMENTO DE INTERNO;Migração;true
REGULARIZACAO REIVINDICACAO;Migração;true
CONSERVACAO MOBILIARIO;Migração;true
CONSERVACAO VEICULO;Migração;true
RETORNO SERVIDOR;Migração;true
TRANSFERENCIA SERVIDOR;Migração;true
VENDA PUBLICACAO;Migração;true
ACAO REPARACAO;Migração;true
ADIANTAMENTO TROCO COBRADO;Migração;true
ADVERTENCIA;Migração;true
AFASTAMENTO PROVISORIO;Migração;true
AGRESSAO FISICA;Migração;true
APLICACAO FINANCEIRA;Migração;true
ARROMBAMENTO BEM;Migração;true
AQUISICAO EQUIPAMENTO FOTOGRAFICO;Migração;true
ATROPELAMENTO;Migração;true
AUTORIZACAO DESCONTO;Migração;true
EMPRESTIMO BANCARIO;Migração;true
CAIXA ROTATIVO;Migração;true
CAIXA UNICO;Migração;true
CERTIDAO NEGATIVA;Migração;true
ABERTURA INVENTARIO;Migração;true
ABERTURA LEILAO;Migração;true
COMISSAO PREVENCAO ACIDENTE;Migração;true
COMUNICACAO IRREGULARIDADE;Migração;true
CONCESSAO LICENCA;Migração;true
CONTROLE NTA DEBITO CREDITO;Migração;true
CONSTITUIÇÃO  DE COMISSÃO;Migração;true
ALTERACAO ESTRUTURA ORGANIZACIONAL;Migração;true
CRIACAO POSTO POLICIAL;Migração;true
CONFECCAO AVISO;Migração;true
DEMONSTRATIVO CORRECAO MONETARIA;Migração;true
DEMONSTRATIVO REPARACAO DANO;Migração;true
DESVIO FUNCAO;Migração;true
DIFERENCA RECEITA;Migração;true
ELEICAO OPERARIO PADRAO;Migração;true
EXECUCAO OBRA;Migração;true
EXECUCAO SERVICO;Migração;true
FORNECIMENTO MATERIAL;Migração;true
IMPRESSAO GRAFICA;Migração;true
FALTA JUSTIFICADA;Migração;true
LIGACAO ENERGIA;Migração;true
PAGAMENTO PESSOAL;Migração;true
AQUISICAO MATERIAL;Migração;true
AQUISICAO ACESSORIO VEICULO;Migração;true
MANUTENCAO VEICULO;Migração;true
MANUTENCAO SERVICO BORRACHARIA;Migração;true
TERMO COMPROMISSO;Migração;true
AQUISICAO TICKET REFEICAO;Migração;true
ADVERTENCIA CONTRATUAL;Migração;true
ALOCACAO RECURSO;Migração;true
APROPRIACAO INDEBITA;Migração;true
AUTORIZACAO CREDENCIAMENTO;Migração;true
ALTERACAO CONTRIBUINTE;Migração;true
SEC. ASSUNTOS FUNDIARIOS;Migração;true
ALTERACAO REGIME ESPECIAL;Migração;true
AVOCACAO PROCESSO;Migração;true
AQUISICAO DE MATERIAL PERMANENTE;Migração;true
AQUISICAO TOLDO;Migração;true
AMPLIACAO PLANO INFORMATIZACAO;Migração;true
AUTORIZACAO PAGAMENTO;Migração;true
AFASTAMENTO SEDE OBJETO SERVICO;Migração;true
ACOMPANHAMENTO PERFORMANCE EMPREGADO;Migração;true
AUTO PRISAO;Migração;true
CONTRATACAO DE SERVICO;Migração;true
CONSERTO VEICULO;Migração;true
CONSERTO MOBILIARIO;Migração;true
COMUNICADO CONTRA SERVIDOR;Migração;true
CONFIRMACAO PAUTA;Migração;true
CONSERTO EQUIPAMENTO;Migração;true
CARTA PRECATORIO;Migração;true
CANCELAMENTO DE INSCRICAO;Migração;true
CONSULTA TRIBUTO;Migração;true
CONTRATO MANUTENCAO SERVICO;Migração;true
CONTRATO PRESTACAO SERVICO;Migração;true
CONTRATACAO CONSULTORIA;Migração;true
CONCESSAO BOLSA ESTUDO;Migração;true
DEFESA ACAO DEMOLITORIA;Migração;true
DEPOSITO BANCARIO;Migração;true
DISPENSA LICITACAO;Migração;true
DEVOLUCAO TRIBUTO;Migração;true
DEVOLUCAO VEICULO;Migração;true
PONTUAÇÃO DE INSCRITOS;Migração;true
DOACAO VEICULO;Migração;true
DELEGACAO PODERES;Migração;true
DOACAO MATERIAL;Migração;true
EXECUCAO REPARO;Migração;true
EXONERACAO CARGO;Migração;true
EXECUCAO FISCAL;Migração;true
ELABORACAO ORCAMENTO;Migração;true
ELEICAO COMISSAO EMPREGADO;Migração;true
FALTA RELEVADA;Migração;true
FUNCIONAMENTO RECLUSO;Migração;true
IMPLANTACAO SISTEMA INFORMATICA;Migração;true
INSTALACAO EQUIPAMENTO;Migração;true
IMPLEMENTACAO SISTEMA INFORMATICA;Migração;true
INCLUSAO PROJETO;Migração;true
ISENCAO ICMS;Migração;true
INSCRICAO DEBITO DIVIDA ATIVA;Migração;true
INFORMACAO CREDITO DEBITO INSS;Migração;true
INSCRICAO CONTA DESPESA;Migração;true
IMPLANTACAO SINALIZACAO;Migração;true
IDENTIFICACAO FUNCIONAL;Migração;true
ISONOMIA SALARIAL;Migração;true
LICENCA AMBIENTAL;Migração;true
LAUDO ACIDENTE TRAFEGO;Migração;true
LAUDO CADAVERICO;Migração;true
LAUDO SUBSTANCIA QUIMICA;Migração;true
LAUDO VISTORIA;Migração;true
LAUDO EFICIENCIA;Migração;true
LAUDO RETENCIDADE DISPARO;Migração;true
LAUDO AVALIACAO ECONOMICA;Migração;true
LAUDO LESOES CORPORAIS;Migração;true
MANUTENCAO MAQUINA;Migração;true
INSCRICAO ASSOCIACOES;Migração;true
BUSCA E APREENSAO;Migração;true
LAUDO BUSCA PESSOAL;Migração;true
ALTERACAO EDITAL;Migração;true
ORDEM BANCARIA;Migração;true
OCUPACAO AREA;Migração;true
PAGAMENTO DE ANUIDADE;Migração;true
PAGAMENTO PASEP;Migração;true
PAGAMENTO PENSAO;Migração;true
PARCELAMENTO DE DÉBITO;Migração;true
PLANO EXPANSAO URBANA;Migração;true
PRESTACAO CONTA;Migração;true
PAGAMENTO CONSELHO;Migração;true
PARTICIPACAO SEMINARIO;Migração;true
participacao estagio;Migração;true
PAGAMENTO TRIBUTO;Migração;true
RESSARCIMENTO DESPESA;Migração;true
REALIZACAO EXPOSICAO;Migração;true
RENOVACAO ASSINATURA;Migração;true
REVISAO TRIBUTO;Migração;true
RESSARCIMENTO DANO VEICULO;Migração;true
REINCORPORACAO BEM PATRIMONIAL;Migração;true
REVERSAO CREDITO;Migração;true
RECUPERACAO MATERIAL;Migração;true
REPOSICAO DE PAGAMENTO;Migração;true
REVISAO PROVENTO;Migração;true
SUSPENSAO CONTRATO;Migração;true
SALDO ORCAMENTARIO;Migração;true
APLICACAO PUNICAO;Migração;true
SUPERAVIT ORCAMENTO CORRENTE;Migração;true
TRANSFERENCIA BEM PATRIMONIAL;Migração;true
TRANSPORTE ESCOLAR;Migração;true
TRANSPORTE PUBLICO;Migração;true
TABELA TEMPORALIDADE DOCUMENTO;Migração;true
ACAO DIRETA INCONSTITUCIONALIDADE;Migração;true
APROVACAO DE PROPOSTA;Migração;true
ALTERACAO CARREIRA ATIVIDADE JURIDICA;Migração;true
ANULACAO INQUERITO ADMINISTRATIVO;Migração;true
APRECIACAO QUADRO DEMONSTRATIVO;Migração;true
AQUISICAO ARTIGO CAMA MESA BANHO;Migração;true
AQUISICAO EQUIPAMENTO ELETRONICO;Migração;true
AQUISICAO EQUIPAMENTO ESCRITORIO;Migração;true
AQUISICAO EQUIPAMENTO INFORMATICA;Migração;true
AQUISICAO EQUIPAMENTO REPROGRAFICO;Migração;true
AQUISICAO EQUIPAMENTO SEGURANCA;Migração;true
AQUISICAO EQUIPAMENTO TELECOMUNICACAO;Migração;true
AQUISICAO MATERIAL BIBLIOGRAFICO;Migração;true
AQUISICAO MATERIAL CINEMATOGRAFICO;Migração;true
AQUISICAO MATERIAL REPROGRAFICO;Migração;true
AQUISICAO MATERIAL VEICULO;Migração;true
AQUISICAO MATERIAL IDENTIFICACAO;Migração;true
AQUISICAO MATERIAL ODONTOLOGICO;Migração;true
AQUISICAO MATERIAL REFRIGERACAO;Migração;true
AQUISICAO MATERIAL REVESTIMENTO;Migração;true
AQUISICAO TITULARIDADE PERPETUO;Migração;true
CANCELAMENTO CONCORRENCIA PUBLICA;Migração;true
CANCELAMENTO RECURSO FINANCEIRO;Migração;true
CONTRATO TERMO RESPONSABILIDADE;Migração;true
DENUNCIA IRREGULARIDADE MOTORISTA;Migração;true
DESAPARECIMENTO BEM PATRIMONIAL;Migração;true
ELABORACAO PROJETO ARQUITETONICO;Migração;true
IRREGULARIDADE EXPLORACAO MINERAL;Migração;true
IRREGULARIDADE INQUERITO ADMINISTRATIVO;Migração;true
IRREGULARIDADE INQUERITO POLICIAL;Migração;true
IRREGULARIDADE POSTO ATENDIMENTO;Migração;true
APRESENTAÇÃO DE SERVIDOR;Migração;true
PAGAMENTO ANTECIPADO DECIMO TERCEIRO;Migração;true
RECONSTITUICAO PROCESSO ORIGINAL;Migração;true
REGULARIZAÇÃO DE DOCUMENTAÇÃO;Migração;true
CRIAÇAO DE AREA;Migração;true
MINUTA CONVENIO;Migração;true
CONTA PUBLICITARIA;Migração;true
EQUIPAMENTO;Migração;true
SOLICITA AUTORIZACAO ;Migração;true
HIPOTECA IMOVEL;Migração;true
AVALIACAO SERVIDOR;Migração;true
CANCELAMENTO APOSENTADORIA;Migração;true
DESPENSA ESTAGIO;Migração;true
CONSTRUCAO OBRA PUBLICA;Migração;true
CONSTRUCAO PARQUE;Migração;true
CONSTRUÇAO AREA DE LAZER;Migração;true
DENUNCIA IRREGULARIDADE;Migração;true
DENUNCIA ASSALTO;Migração;true
DESTINACAO AREA RURAL;Migração;true
DESTINAÇÃO IMOVEL;Migração;true
IMPLANTACAO COOPERATIVA;Migração;true
IMPLANTACAO POLO CINEMA VIDEO;Migração;true
INSPECAO MEDICA;Migração;true
INSPECAO SANITARIA;Migração;true
LIBERACAO ATIVIDADE INDUSTRIAL;Migração;true
INSTALACAO TELEFONICA;Migração;true
DEVOLUCAO IMPOSTO;Migração;true
ELABORACAO GRUPO DESPESA;Migração;true
EXECUCAO LIMPEZA PUBLICA;Migração;true
IRREGULARIDADE LICITACAO;Migração;true
IRREGULARIDADE CONTRATACAO PESSOAL;Migração;true
INCORPORACAO HORA EXTRA;Migração;true
INCORPORACAO SALARIAL;Migração;true
INDENIZACAO TRABALHISTA;Migração;true
INDENIZACAO BEM PUBLICO;Migração;true
LIBERACAO INSTALACAO;Migração;true
INCINERACAO BANDEIRA;Migração;true
ISENCAO TAXA;Migração;true
LIGACAO DE AGUA;Migração;true
PROJETO ATIVIDADE RURAL;Migração;true
PROJETO URBANISTICO;Migração;true
REGULARIZACAO VEICULO;Migração;true
REGULARIZAÇÃO DE LEI/COMPLEMENTAR;Migração;true
REGULARIZACAO USO PASSE;Migração;true
REINVIDICACAO SOCIAL;Migração;true
DUPLICIDADE TOMBAMENTO;Migração;true
TRANSFERENCIA RECURSOS;Migração;true
REVISÃO PENSÃO;Migração;true
REAJUSTE DE TARIFAS;Migração;true
MANUTENCAO EQUIPAMENTO;Migração;true
RECONHECIMENTO ESTABELECIMENTO;Migração;true
IMPLANTACAO LINHA ONIBUS;Migração;true
CONCESSAO MEDALHA;Migração;true
COMUNICACAO OBITO SERVIDOR;Migração;true
IRREGULARIDADE IMOVEL COMERCIAL;Migração;true
APLICACAO RECURSO;Migração;true
UTILIZACAO AREA;Migração;true
OCUPACAO FUNCAO;Migração;true
ORDEM PAGAMENTO;Migração;true
CONTRATACAO DE EMPRESA;Migração;true
CANCELAMENTO DESCONTO;Migração;true
DISPENSA FUNCAO;Migração;true
COMUNICACAO EXTRAVIO;Migração;true
EXECUCAO DEBITO JUIZO;Migração;true
CONTRATO FIGURACAO;Migração;true
CANCELAMENTO PAGAMENTO;Migração;true
TERMO DISTRATO;Migração;true
PAGAMENTO HONORARIO;Migração;true
PADRONIZ|CAO PLACA;Migração;true
PAGAMENTO FERIAS;Migração;true
RELATORIO DE SEMINÁRIO / CONGRESSO;Migração;true
FINANCEAMENTO BEM;Migração;true
PAGAMENTO ALUGUEL;Migração;true
PAGAMENTO DEBITO;Migração;true
PAGAMENTO AVUSO PREVIO;Migração;true
PAGAMENTO DE JETON;Migração;true
PAGAMENTO RECLAMACAO TRABALHISTA;Migração;true
PROCEDIMENTO NORMA EDIFICACAO;Migração;true
ACAO ADMINISTRATIVA;Migração;true
ALTERAÇÃO DE NGB;Migração;true
PAGAMENTO EMPRESTIMO COMPULSORIO;Migração;true
PAGAMENTO ENCARGO FINANCEIRO;Migração;true
ERRADICAÇÃO INVASÃO;Migração;true
AQUISICAO MEDALHA;Migração;true
PAGAMENTO INDENIZACAO TRANSPORTE;Migração;true
CONCESSAO PLACA;Migração;true
AUTORIZACAO TRAFEGO VEICULO;Migração;true
CONCESSAO GRATIFICACAO;Migração;true
DEFESA ACAO ADMINISTRATIVA;Migração;true
PROGRAMACAO PREVENCAO MORTALIDADE;Migração;true
CONCESSAO TROFEUS;Migração;true
TERMO PERMISSAO;Migração;true
IMPLANTACAO ESTATUA;Migração;true
PLANO TRABALHO;Migração;true
ALVARA DE FUNCIONAMENTO;Migração;true
REGULARIZACAO ATIVIDADE COMERCIAL;Migração;true
RESSARCIMENTO SALARIO;Migração;true
PROCESSO ESPECIAL;Migração;true
DEFINIÇÃO DE PARÂMENTROS CONSTRUTIVOS;Migração;true
CRIACAO CONSELHO;Migração;true
PROCEDIMENTO LEI;Migração;true
CONTAGEM TEMPO SERVICO;Migração;true
AQUISICAO MATERIAL ALFAIATARIA;Migração;true
CONVERSAO LICENCA PREMIO PECULIO;Migração;true
ISENCAO PAGAMENTO DESPESA;Migração;true
MANDADO CITAÇÃO INTIMAÇÃO;Migração;true
MANDADO JUDICIAL;Migração;true
MANUTENCAO APARELHO DOMESTICO;Migração;true
PROGRAMA DESENVOLVIMENTO RECUSRO;Migração;true
AUDITORIA;Migração;true
SUBSTITUICAO DE SERVIDOR;Migração;true
SENTENÇA JUDICIAL;Migração;true
PROGRAMA ALIMENTACAO;Migração;true
APLICACAO LEI;Migração;true
ESCRITURA IMOVEL;Migração;true
REMANEJAMENTO ;Migração;true
AQUISICAO MATERIAL BELICO;Migração;true
DEDUCAO PARCELA RECOLHIDA;Migração;true
EXCLUSAO NOME DEBITO FIRMA;Migração;true
FORNECIMENTO REFEICAO;Migração;true
INCINERACAO MATERIAL;Migração;true
INDENIZACAO PROPRIETARIO;Migração;true
INGRESSO RECEITA TRIBUTO;Migração;true
IMPLANTACAO SISTEMA LEITURA CODIGO;Migração;true
REPOSICAO BEM PATRIMONIAL;Migração;true
TERMO PRODUCAO BEM;Migração;true
SUBSTITUICAO DE CARGO;Migração;true
ALTERACAO FATURA;Migração;true
DOCUMENTO TECNICO;Migração;true
COMPROVANTE DESPESA REEMBOLSAVEL;Migração;true
CONTRATACAO DEMANDA;Migração;true
AQUISICAO EQUIPAMENTO LABORATORIO;Migração;true
AQUISICAO EQUIPAMENTO MANUTENCAO;Migração;true
PAGAMENTO JURO CORRECAO;Migração;true
APLICAÇÃO DE PENALIDADE A SERVIDOR;Migração;true
PROJETO TECNICO;Migração;true
SUBSTITUICAO CAUCAO;Migração;true
AUTORIZACAO FATURAMENTO REAJUSTE;Migração;true
CARTA FIANCA;Migração;true
IMPUGNACAO RECURSO;Migração;true
AMPLIACAO RESERVATORIO;Migração;true
AQUISICAO MATERIAL REDE AGUA;Migração;true
CADASTRO REDE;Migração;true
INTERFERENCIA REDE;Migração;true
LIGACAO CLANDESTINA;Migração;true
DOACAO BEM PATRIMONIAL;Migração;true
DEFESA ACAO USUCAPIAO;Migração;true
AQUISICAO MATERIAL EXPEDIENTE;Migração;true
HOMOLOGACAO COMPRA;Migração;true
REAJUSTE BOLSA DE ESTUDO;Migração;true
ALTERA PERIODO DE FÉRIAS;Migração;true
REIFICACAO IMPOSTO;Migração;true
COMUNICA FALTA DE MATERIAL DE EXPEDIENTE;Migração;true
COMUNICA DEBITO DE FATURAS;Migração;true
DEMONSTRATIVO DE RATEIO;Migração;true
TRANSPORTE COLETIVO;Migração;true
ALTERACAO DE INSTRUCAO;Migração;true
RECURSOS PARA REALIZACAO DE OBRAS;Migração;true
DESISTENCIA DE LOTE;Migração;true
DESOBSTRUCAO DE AREA ;Migração;true
SEM ASSUNTO - TERRACAP;Migração;true
SINDICANCIA DE LOTE;Migração;true
MATERIAL DE DIVULGAÇÃO;Migração;true
SOLICITAÇÃO CÓPIAS DE DOCUMENTOS  ;Migração;true
DEVOLUCAO SEGURIDADE;Migração;true
SEM ASSUNTO - GAB CIVIL;Migração;true
SEM ASSUNTO - SDU/DF;Migração;true
INCLUSÃO QUADRO PESSOAL GDF;Migração;true
REMANEJAMENTO LOTE;Migração;true
SEM ASSUNTO - PRG;Migração;true
LETRAS IMOBILIARIAS;Migração;true
JUNTAR DOCUMENTOS;Migração;true
PROCESSO DESAPARECIDO;Migração;true
SOLICITA TROCA DE INSCRICAO;Migração;true
SOLICITA INFORMACOES ;Migração;true
PROGRAMA DE DESLIGAMENTO VOLUNTÁRIO;Migração;true
LICENÇA SEM VENCIMENTO;Migração;true
PROGRAMAÇÃO DE CURSOS;Migração;true
PROJETO HABITACIONAL;Migração;true
INDICA  REPRESENTANTE GRUPO TRABALHO;Migração;true
ESTUDO PRELIMINAR ;Migração;true
SOLICITA ANÁLISE E MANIFESTAÇÃO;Migração;true
EDITAL CREDENCIAMENTO;Migração;true
RELATÓRIO VISTORIA;Migração;true
RELATÓRIO;Migração;true
RECOLHIMENTO INSS;Migração;true
RECOLHIMENTO FGTS;Migração;true
SUPLEMENTAÇÃO DE CRÉDITO;Migração;true
PAGAMENTO CURSOS;Migração;true
AQUISIÇÃO DE PRODUTOS ALIMENTICIOS;Migração;true
QUITAÇÃO ANTECIPADA;Migração;true
HABILITAÇÃO;Migração;true
HABILITAÇÃO;Migração;true
REMOÇÃO;Migração;true
PORTARIA CONJUNTA;Migração;true
PORTARIA CONJUNTA;Migração;true
CREDENCIAMENTO EMPRESA EDITAL Nº 07/2011;Migração;true
ENCAMINHA RELAÇÃO DE IMOVEIS;Migração;true
ENCAMINHA DECISÃO;Migração;true
ENCAMINHA CONSULTA;Migração;true
REVOGAÇÃO DOCUMENTO;Migração;true
VENDA DE ACOES;Migração;true
EXPOSIÇÃO MOTIVOS;Migração;true
CONFECCAO DE CASE - MALOTE;Migração;true
DESISTENCIA DE IMOVEL/LOTE;Migração;true
RECOMENDACåES DIVERSAS;Migração;true
RESOLUCAO DE DIRETORIA;Migração;true
INFORMA NOVOS ENDERECO;Migração;true
ACORDO DE COOPERAÇÃO TÉCNICA;Migração;true
ENCAMINHA CONTAS TELEFONICAS;Migração;true
bloqueio linha telefonica;Migração;true
VENDA DE LOTE DO PROG HAB DA SEDUH     ;Migração;true
CONVOCAÇÃO;Migração;true
ALIENAÇÃO DE IMÓVEL ;Migração;true
AUDIÊNCIA PÚBLICA ;Migração;true
SUSTAÇÃO DA VENDA DE IMÓVEL;Migração;true
APROVAÇÃO DE NORMAS;Migração;true
TERMO DE REFERÊNCIA ;Migração;true
ESTUDO DE IMPACTO AMBIENTAL - EIA;Migração;true
RELATÓRIO DE IMPACTO AMBIENTAL - RIMA;Migração;true
RELATÓRIO DE IMPACTO DE VIZINHANÇA -RIVI;Migração;true
SOLICITAÇÃO MORADIA;Migração;true
REQUER CADASTRAMENTO;Migração;true
AUTUADO INDEVIDAMENTE;Migração;true
VENDA DE LOTE /ASSENTAMENTO;Migração;true
EXTRATO DE DENUNCIA;Migração;true
ENCAMINHA COPIA OFICIO;Migração;true
ATESTADO DE CAPACIDADE TECNICA;Migração;true
COMUNICA EXECUCAO DE SERV FORA DO PRAZO;Migração;true
COMUNICA INVASAO DE IMOVEL;Migração;true
COMUNICA PERMUTA DE LOTES;Migração;true
COMUNICA PORCENTAGEM ADICIONAL;Migração;true
REQUER DECLARACAO DE QUITACAO;Migração;true
DEVOLUCAO CAUÇÃO;Migração;true
DEVOLUCAO DE DIFERENCA DE PRESTACOES;Migração;true
REQUER EPCV;Migração;true
REQUER EPCV POR TERMINO DE FINANCIAMENTO;Migração;true
incluir documento;Migração;true
JUNTAR AO PROCESSO COPIAS DOCUMENTOS;Migração;true
JUNTAR CERTIDAO DE OBITO;Migração;true
JUNTAR CERTIDAO POSITIVA;Migração;true
JUNTAR COPIA DO FORMAL DE PARTILHA;Migração;true
JUNTAR CUMPRIMENTO EXIGENCIA DE CARTORIO;Migração;true
QUITACAO EM ESPECIE;Migração;true
QUITACAO COM 50% DE DESCONTO;Migração;true
QUITACAO PELO FGTS;Migração;true
QUITACAO PELO SEGURO;Migração;true
QUITACAO POR TERMINO DE FINANCIAMENTO;Migração;true
QUITACAO TOTAL;Migração;true
QUITACAO P/X.N NUMERO DE PRESTACAO;Migração;true
QUITACAO 30/ DE DESCONTO;Migração;true
QUITACAO 40 % DE DESCONTO;Migração;true
CARTA REGULARIZACAO DO LOTE;Migração;true
COPIA DO CPCV;Migração;true
COPIA PROCESSO;Migração;true
DESARQUIVAMENTO PROCESSO;Migração;true
SEGUNDA VIA DO CPCV;Migração;true
ENVIAR CORRESP A OUTRO ENDERECO;Migração;true
INCORPORACAO DE FUNCAO;Migração;true
LICENÇA PRÉVIA;Migração;true
LOTE;Migração;true
MODIFICACAO DE CONSTRUCAO;Migração;true
MORADIA;Migração;true
PERMUTA;Migração;true
PCU/REPL;Migração;true
PERMANENCIA NO LOTE;Migração;true
RATIFICAÇÃO DOCUMENTO;Migração;true
RETIFICAÇÃO DOCUMENTO;Migração;true
TRANSFERÊNCIA IMOVEL;Migração;true
TRANSFERÊNCIA LOTE;Migração;true
HORARIO ESPECIAL;Migração;true
FAZER OU RENOVAR INSCRICAO;Migração;true
SEGUNDA VIA DO EPCV;Migração;true
CONVOCAÇÃO INSCRITOS;Migração;true
REVISAO DE INDICES;Migração;true
SALARIO FAMILIA;Migração;true
REGULARIZAÇÃO LOTE;Migração;true
RE-RATIFICACAO/JUNTAR DOCUMENTO;Migração;true
LAVRATURA EPCV/FICHA DESCRITIVA;Migração;true
COPIA TAXA EPCV;Migração;true
AUXILIO FUNERAL;Migração;true
DEVOLUÇÃO TAXA PAGA INDEVIDA;Migração;true
JUNTAR CERTIDAO ONUS;Migração;true
JUNTAR TAXA EPCV E PROCURACAO;Migração;true
REVISÃO REQUERIMENTO;Migração;true
CUMPRIR EXIGENCIA ;Migração;true
COPIA DO TERMO DE OCUPACAO;Migração;true
ABONO DE PONTO ANUAL;Migração;true
JUNTAR DOCUMENTO ORIGINAL;Migração;true
COMUNICA DESOCUPACAO DE IMOVEL;Migração;true
SALDO DEVEDOR DO IMOVEL;Migração;true
INVENTÁRIO PATRIMONIAL DA SEDUH;Migração;true
REGISTRO EPCV;Migração;true
EXCLUSAO DE NOME ;Migração;true
DEVOLUÇÃO IMPORTANCIA;Migração;true
SOLICITA COPIA DOCUMENTO;Migração;true
INFORMACOES DE CADASTRO/IDHAB;Migração;true
DESAUTORIZA TRANSACOES LOTE/IMOVEIS;Migração;true
INFORMA FREQUENCIA DE SERVIDOR;Migração;true
AUTORIZACAO P/PERMUTA DE LOTE;Migração;true
REVISAO DE PROCESSO;Migração;true
CALCULO/ATUALIZACAO MONETARIA;Migração;true
RETIFICAR ENDERECO;Migração;true
BUSCA DE PROCESSO/REQUERIMENTO;Migração;true
DECLARACAO DE RETENCAO/IMPOSTO;Migração;true
DECLARACAO PARA FINS DE INVENTARIO;Migração;true
PROPORCIONALIDADE DE IMOVEL;Migração;true
INFORMACOES SOBRE REQUERMENTO/processo;Migração;true
SE HA TITULO DE CONCESSAO/USO;Migração;true
PRAZO PARA ENTREGA DE DOCUMENTO;Migração;true
ATUALIZACAO DE ENDERECO;Migração;true
RENUNCIA DE DIREITOS;Migração;true
CERTIDÃO POSITIVA;Migração;true
CANCELAMENTO CARTA CONVITE;Migração;true
AJUDA DIVERSAS;Migração;true
RECONSIDERACAO;Migração;true
SUSPENSAO DO DOCUMENTO;Migração;true
PUBLICAÇÃO DE PORTARIAS;Migração;true
DEVOLUCAO DE DOCUMENTO;Migração;true
AVISO PRELIMINAR DE SINISTRO;Migração;true
ASSINATURA DE DOCUMENTO;Migração;true
AUTORIZACAO PARA LICITACAO;Migração;true
INCORPORACAO SHIS/IDHAB;Migração;true
INFORMA OCUPACAO INDEVIDA DO LOTE/IMOVEL;Migração;true
PARCELAMENTO DE DIVIDA;Migração;true
INCORPORACAO CEF/BNH;Migração;true
BAIXA DE HIPOTECA;Migração;true
TERMO DE DESISTENCIA;Migração;true
EXONERACAO;Migração;true
REINTEGRACAO DE POSSE;Migração;true
AMORTIZACAO DE PRESTACAO;Migração;true
SUBSTITUIÇÃO DE ASSOCIADO;Migração;true
ENCAMINHA PROPOSTA DE SIMBOLO IDHAB;Migração;true
AMPLIAÇÃO DE ÁREA;Migração;true
DESBLOQUEIO;Migração;true
SOLICITACAO DE VAGAS;Migração;true
ISENCAO DIVERSAS;Migração;true
COMUNICA ABANDONO DE LOTE/IMOVEL;Migração;true
LIBERACAO DE DOCUMENTO;Migração;true
RESILIÇÃO DO CONTRATO;Migração;true
DECLARACAO;Migração;true
ENCAMINHA DOCUMENTO;Migração;true
MUDANÇA DE OPÇÃO DE LOTE;Migração;true
FORMALIZACAO DE PROCESSO;Migração;true
BAIXA PRESTAÇÕES;Migração;true
REMARCAÇÃO DE FERIAS;Migração;true
AUDIENCIA;Migração;true
CUMPRIMENTO CONTRATO;Migração;true
AGILIZAÇÃO PROCESSO;Migração;true
ALTERAÇÃO ESTADO CIVIL;Migração;true
INCORPORACAO DE DEBITOS;Migração;true
ABONO ASSIDUIDADE;Migração;true
AUXILIO ALIMENTAÇÃO;Migração;true
INFORMAÇÕES DIVERSAS;Migração;true
APRESENTA JUSTIFICATIVA P/INADIMPLENCIA;Migração;true
LICENCA ADMINISTRATIVA ;Migração;true
AMORTIZAÇÃO SALDO DEVEDOR;Migração;true
GRATIFICACAO NATALINA;Migração;true
RECURSO PARA RECADASTRAMENTO;Migração;true
APRECIAÇÃO PROCESSO;Migração;true
AVISO DE LICITAÇÃO;Migração;true
INCORPORACAO DE ENCARGOS EM ATRAS0;Migração;true
DISPENSA DE CUSTA JUDICIAL;Migração;true
TERMO DE OPCAO;Migração;true
TRANSFERENCIA DE PARTE;Migração;true
APOSENTADORIA;Migração;true
CELEBRAÇÃO DE CONVÊNIO;Migração;true
ALTERA END. ENTREGA DE CORRESPONDENCIA;Migração;true
ALTERAÇAO DE CONTRATO;Migração;true
AVERBACAO DO TEMPO DE SERVICO;Migração;true
APRESENTAÇÃO COMPROVANTE PGTO/PRESTAÇÃO;Migração;true
PENSAO ESPECIAL;Migração;true
FAZ ESCLARECIMENTOS;Migração;true
RESGATE DE INSCRICAO;Migração;true
RECEBIMENTO DE LOTE;Migração;true
ferias;Migração;true
participar programa servir;Migração;true
CONVÊNIO DE CONSIGNAÇÃO;Migração;true
RETORNAR P/ LISTAGEM GERAL DE INSCRITOS ;Migração;true
recebimento de obra;Migração;true
VISTORIA NO IMOVEL;Migração;true
REDUÇÃO DE ASSINATURA DE PERIODICOS;Migração;true
DEPÓSITO DE PENHORA;Migração;true
LICENCA NOJO;Migração;true
MINUTA TERMO DE COOPERAÇÃO TÉCNICA;Migração;true
NOTA TECNICA;Migração;true
LICENÇA DE OPERAÇÃO;Migração;true
MARCAÇÃO DE FÉRIAS;Migração;true
MINUTA POLÍTICA HABITACIONAL DO DF;Migração;true
SOLICITAÇÃO DE ÁREA;Migração;true
SUSPENCAO DE SERVICO;Migração;true
CÓPIA DECISÃO;Migração;true
CUMPRIMENTO DE NORMAS ;Migração;true
DISPONIBILIDADE DE IMOVEIS;Migração;true
CERTIDAO DE ONUS REAIS;Migração;true
MATERIAL DE USO NORMAL;Migração;true
CORTE DE AGUA/LUZ EM IMOVEL;Migração;true
COMUNICACAO DE OCORRENCIA;Migração;true
PAGAMENTO IPTU/TLP;Migração;true
PAGAMENTO FATURA/TAXA;Migração;true
PAGAMENTO DE EMPRESA (MANUT/FORNECEDORES;Migração;true
RELATORIO DAS ATIVIDADES;Migração;true
DEMONST DE DESP COM MATERIAL FORN P/ ALM;Migração;true
ENCAMINHA FOLHA DE FREQUÊNCIA;Migração;true
SOLICITACAO DE SUPRIMENTO DE FUNDOS;Migração;true
DESIGNACAO DE COMISSAO P/ LEILAO DE BENS;Migração;true
MANUTENCAO DE IMOVEIS FUNCIONAIS;Migração;true
PAGAMENTO DE TAXAS/IMPOSTO REF IMOV FUNC;Migração;true
PROVIDENCIAS JURIDICAS REF A IMOV FUNCIO;Migração;true
PROVID JURID REF EMP CONTRAT E A FORNECE;Migração;true
DOCUMENTOS DIVERSOS PARA AUTUAR;Migração;true
PROJETO LISTA LIMPA;Migração;true
ACERVO RECEBIDO DA TERRACAP;Migração;true
AVERBACAO DE BAIXAS DE  HIPOTECA;Migração;true
TRAB DE IDENT DE FAMIL QUE OCUP A IRREG;Migração;true
REITERACAO DE BUSCAS DE PROCESSOS;Migração;true
SOLICITA LEVANTAMENTO SOCIO-ECONOMICO;Migração;true
ALTERACAO EM CARGOS DE COMISSAO;Migração;true
SOLICITA BUSCAS DE PROCESSOS;Migração;true
DESIGNA SERVIDOR PARA CARGO;Migração;true
SOLIC RELATORIO DE ATIV EXC P/ DIVISAO;Migração;true
SOLICITA REVISAO ;Migração;true
PROCEDER AVALIACOES;Migração;true
VISITA A CANTEIROS DE OBRAS;Migração;true
COMERCIALIZACAO DE LOTES DE ASSENTAMENTO;Migração;true
SOLICITA EQUIPAMENTOS;Migração;true
SOLICITA ABONO DE PONTO;Migração;true
SOL QUADRO DEMONSTRATIVOS DE LOTES;Migração;true
SOLICITA PROCESSO ;Migração;true
ENVIA MINUTA DE OFICIO;Migração;true
AUTORIZA PRORROG P/ ENTREAGA DE DOCUMENT;Migração;true
SOLIC SUSPENSAO DE FERIAS DE SERVIDOR;Migração;true
RECOLHIMENTO DE LIQUIDACAO ANTECIPADA;Migração;true
PAGAMENTO DE PRESTACOES DE RETORNO A CEF;Migração;true
RENEGOCIACAO DE DIVIDA JUNTO A CEF;Migração;true
BUSCA DE PROCESSOS;Migração;true
ENCAMINHAMENTO DE PLANILHAS ;Migração;true
ENCAMINHAMENTO DE BOL.TRIMEST. DE INFORM;Migração;true
ENC CONVENIO DE COOPERACAO TECNICA;Migração;true
SOLICITA CONSERTO DE APARELHO;Migração;true
ENC.CRONOG DA PROG INTERNA DE CAP INT HU;Migração;true
INFORMAÇÃO SOLICITADA;Migração;true
SOL PROVIDENCIAS ELABORACAO DE PROJETO;Migração;true
IMPLEMENTACAO DE PROJETOS;Migração;true
COORDENACAO DE PROJETOS ESTRATEGICOS;Migração;true
CONTRATACAO DE FIRMAS PARA REPARO;Migração;true
CONTRATAÇÃO FIRMA;Migração;true
ENCAMINHAMENTO FATURA;Migração;true
SOLICITA MANUTENCAO DE VEICULOS;Migração;true
CONTRATACAO DE SEGUROS DE VEIC. E IMOVEI;Migração;true
SEAGE ASSUNTOS DIVERSOS;Migração;true
SOLICITA CERTIDOES DE FEITOS AJUIZADOS;Migração;true
SOL PROVIDENCIAR PLANO DE VENDAS IMOV/CO;Migração;true
SOLICITA ADEQUACAO DE CONTRATOS AO SFH;Migração;true
SOLICITA PAGAMENTO DE CUSTAS CARTORAIS;Migração;true
ENCAMINHA GUIA DE RECOLHIMENTO DO FCVS;Migração;true
SOL VALOR ARRECADADO JUNTO AOS MUTUARIOS;Migração;true
SOLIC O VALOR PAGO A CEF CONT DE EMPREST;Migração;true
SOL BUSCAS LOCAL MAPA DE REC DO FCVS;Migração;true
RELACAO DE PESSOAS IMPEDIDAS DE OP C/SFH;Migração;true
ENCAMINHA MAPA DE CONTRIB TRIMESTRAL;Migração;true
ENCAMINHA PROGRAMA HABITACIONAL;Migração;true
ENCAMINHA PROJETOS;Migração;true
ENCAMINHA RELATORIO;Migração;true
SOLICITA RESPOSTAS A CONSULTA;Migração;true
SOLICITA INTERFERENCIA DA DIRETORIA;Migração;true
SOLICITA SERVICOS;Migração;true
SOLICITA CONSULTAS;Migração;true
ENCAMINHA BALANCETE PATRIMONIAL;Migração;true
REGULARIZACAO/CADASTRO DE SERVIDOR;Migração;true
SOLICITA RELATORIO DE  ATIVIDADES;Migração;true
SOLICITAÇÃO DE PROCESSO;Migração;true
CONVOCACAO DE REUNIAO NO GAPRE;Migração;true
ENCAMINHA AS DIRET. DOC.P/ CONH./PROV.N.;Migração;true
ENCAMINHA AS ASSESS. DOC P/ CONH./PROV.;Migração;true
INFORMA MUDANCA DE HORARIO ;Migração;true
CONVOCA SERVIDORES PARA REUNIAO;Migração;true
INFORMA NOVA LOTACAO DE SERVIDOR;Migração;true
SOLICITA PROV. EMISSAO DE PASSAGENS;Migração;true
SOLICITA EXPEDIR TELEGRAMAS;Migração;true
ENCAMINHA AO SEPRO DOC. P/ ARQUIVO;Migração;true
SOLICITA PROVIDENCIAR AUTO.P/ USO EXT.;Migração;true
SOL. ESCL. SOBRE DOC. JA ENCAMINHADO;Migração;true
SOLICITA   PARECER DE DOCUMENTOS;Migração;true
SOL. TRANSFERENCIA DE MOVEL DO SETOR;Migração;true
SOLICITA AQUISICAO DE BENS MOVEIS;Migração;true
SOLICITA PROVIDENCIAS ;Migração;true
AQUISIÇÃO PROGRAMA DE COMPUTADOR - BID;Migração;true
CONFECCAO DE PLACAS;Migração;true
PAGAMENTO DE FATURA;Migração;true
MUDANÇA DE DESTINAÇÃO DE ÁREA;Migração;true
LIBERACAO DAS NORMAS DE EDIFICACAO;Migração;true
REMOÇÃO DE SERVIDOR;Migração;true
ENCAMINHA DIPLOMA ;Migração;true
DECISÃO DO TCDF ;Migração;true
SOLICITA DOCUMENTO;Migração;true
CASAS FUNCIONAIS;Migração;true
DESCONTO EM FOLHA DE PAGAMENTO;Migração;true
ACERVO PARA CONSULTA JURIDICA;Migração;true
ENCAMINHA MINUTA DE LEI;Migração;true
comunica licensa administrativa de serv.;Migração;true
EXECUÇÃO DE LIMPEZA DE CAIXA DÁGUA;Migração;true
COMUNICA TRANSFERENCIA DE REUNIÃO;Migração;true
INDENIZAÇÃO DE BENFEITORIAS;Migração;true
NOTA DE INSPEÇÃO;Migração;true
COMUNICADO DE EXTINÇÃO;Migração;true
REQUISICAO DE BENS;Migração;true
DISPENSA SERVIDOR;Migração;true
ENC. RELATÓRIO SOCIAL ;Migração;true
CONVITE;Migração;true
LOTEAMENTO IRREGULAR;Migração;true
QUADRO DE PROGRESSÃO FUNCIONAL;Migração;true
ELABORAÇÃO PLANO PRESERVAÇÃO;Migração;true
PLANO DIRETOR LOCAL;Migração;true
INCORPORAÇÃO DE ÁREA;Migração;true
INSTAURAR PROCESSO DE ACIDENTE;Migração;true
NEGOCIAÇÃO DE DÉBITO;Migração;true
ACERTO RECISORIO;Migração;true
ANULAÇÃO DE NOTA DE EMPENHO;Migração;true
DEVOLUCAO DE FIANCA;Migração;true
INCONSTITUCIONALIDADE DE LEI ;Migração;true
AVALIACAO DE LOTES;Migração;true
CONVÊNIO DE COOPERAÇÃO;Migração;true
CONTRATO DE COMODATO;Migração;true
MINUTA DE PORTARIA;Migração;true
ABERTURA DE CONTA CORRENTE;Migração;true
BLOQUEIO DE VENDA ;Migração;true
LISTAGEM DE CADASTRO ;Migração;true
LIBERAÇÃO ESCRITURA;Migração;true
AUTORIZAÇÃO DE FUNCIONAMENTO;Migração;true
INADIMPLÊNCIA DE CONTRIBUIÇÃO;Migração;true
SUSPENSÃO DE PERMISSÃO;Migração;true
REDISTRIBUIÇÃO DE SERVIÇOS;Migração;true
MODELO DE QUESTIONÁRIO;Migração;true
RECOLHIMENTO DE BEM ;Migração;true
EQUIPAMENTO DEFICIENTE;Migração;true
EDIÇÃO;Migração;true
CONFECÇÃO DE CARIMBOS;Migração;true
ADESÃO;Migração;true
CESSÃO DE SERVIDOR;Migração;true
DOAÇÃO;Migração;true
REGULAMENTAÇÃO LEI;Migração;true
CADASTRAMENTO;Migração;true
CRIAÇÃO DE SETOR HABITACIONAL;Migração;true
COLOCAÇÃO DE NOTAS;Migração;true
RELAÇÃO DE LOTES;Migração;true
ENCAMINHA CÓPIA DE SENTENÇA;Migração;true
PROJETO DE PARCELAMENTO;Migração;true
RECEBIMENTO;Migração;true
AGENDAR REUNIÃO;Migração;true
REALIZAÇÃO DE EVENTOS;Migração;true
INCLUSÃO DE SÓCIOS;Migração;true
TOMADA DE CONTA DE MATERIAL;Migração;true
CONTROLE DE ENTRADA E SAIDA DE BENS;Migração;true
TERMO DE COMODATO;Migração;true
TROCA DE MATERIAL;Migração;true
CRIAÇÃO E IMPLANTAÇÃODE POLO;Migração;true
CONTRATO DE GESTAO;Migração;true
APURACAO DE DENÚNCIA;Migração;true
PROPOSTA ORÇAMENTARIA;Migração;true
ENCAMINHA PROCESSO;Migração;true
PRESTAÇÃO DE INFORMAÇÃO;Migração;true
AUTUAÇÃO DE DOCUMENTO;Migração;true
ENCAMINHA COPIA DOCUMENTO;Migração;true
TERMO DE OCUPAÇÃO;Migração;true
NOTA DE DEBITO;Migração;true
INTIMAÇÃO;Migração;true
CESSAO DE SERVIDOR;Migração;true
AUTORIZAÇÃO DE CESSÃO;Migração;true
REPASSE DE LOTE;Migração;true
APURAÇÃO DISPONIBILIDADE;Migração;true
ENCERRAMENTO DO TRABALHO;Migração;true
AQUISICAO DE APARELHO;Migração;true
REFORMA DE IMOVEL;Migração;true
MUDANÇA DE ENDEREÇO;Migração;true
ANALISE DE REQUERIMENTO;Migração;true
ENCAMINHA DISKETE;Migração;true
ATUALIZACAO DE CADASTRO;Migração;true
ANALISE DE PROCESSO;Migração;true
RENOVACAO DE CONVENIO;Migração;true
FORMAL DE PARTILHA;Migração;true
INSCRICAO EM PROGRAMA DE MORADIA;Migração;true
ANALISE DE DOCUMENTO;Migração;true
DESLIGAMENTO;Migração;true
CONTESTACAO;Migração;true
PROJETO DE LEI;Migração;true
RESPOSTA DOCUMENTO;Migração;true
ATESTO DE LIGACOES;Migração;true
ELABORACAO DE ESTUDO;Migração;true
REVISAO DE DEBITO;Migração;true
SEGURO HABITACIONAL ;Migração;true
DESMEMBRAMENTO AREA;Migração;true
ELOGIOS;Migração;true
CRIACAO DE REGIAO ADMINISTRATIVA;Migração;true
PRORROGACAO DE CONVENIO;Migração;true
BAIXA DE CONVENIO;Migração;true
APURACAO DE SUPERAVIT;Migração;true
TERMO DE POSSE;Migração;true
SOLICITA AUDIENCIA;Migração;true
ABERTURA DE CREDITO SUPLEMENTAR;Migração;true
RECLAMACOES;Migração;true
CRIACAO DE COMISSAO;Migração;true
AGRAVO DE INSTRUMENTO;Migração;true
DEPURAÇÃO CONTRATO;Migração;true
PROGRAMA ASSOCIACAO SOLIDARIA;Migração;true
ENCAMINHA MAPA;Migração;true
CORRECAO DE IMOVEIS;Migração;true
CONSIGNACAO;Migração;true
DISPONIBILIZACAO DE AREA;Migração;true
SANEAMENTO E ACERTO DE CONTAS;Migração;true
AQUISIÇAO VESTUÁRIO E COMPLEMENTOS;Migração;true
DEVOLUCAO DE CARTUCHO;Migração;true
CONSULTA À PGDF;Migração;true
ENCAMINHA DOCUMENTOS REF. PDOT;Migração;true
REVISÃO DO PDOT;Migração;true
RELACAO DE BENS;Migração;true
PROPOSTA DE IMPLANTAÇÃO;Migração;true
ABONO DE PERMANÊNCIA ;Migração;true
ALTERAÇAO QUADRO SOLICITAÇAO CREDITOS;Migração;true
LEVANTAMENTO DE DADOS;Migração;true
TESTE DE IMPLANTAÇÃO;Migração;true
JETON;Migração;true
CONTRATO DE REPASSE;Migração;true
SERVIÇOS DE PUBLICIDADE;Migração;true
CONFERENCIA NACIONAL;Migração;true
EDITAL CHAMAMENTO;Migração;true
CONTABILIZACAO DE SALDO;Migração;true
TRANSLADO;Migração;true
ENCAMINHA SUGESTAO;Migração;true
CONSULTA RECURSO ;Migração;true
LEVANTAMENTO EM INVASAO;Migração;true
VENDA SUSTADA;Migração;true
PARTICIPACAO;Migração;true
SOLICITA INTERCEDER;Migração;true
RESPONSABILIDADE DE DIVIDA;Migração;true
RELATORIO DE ANALISE;Migração;true
ORIENTACAO JURIDICA;Migração;true
ADMINISTRACAO DE IMOVEIS;Migração;true
CARTA CONVOCATORIA;Migração;true
SOLICITA;Migração;true
ENCAMINHA NOTA DE CREDITO;Migração;true
EDITAL DE LICITACAO;Migração;true
CONTROLE DE PREV  RECEITA CONTABILIZADA;Migração;true
SOLICITA INCLUSAO DE NOME ;Migração;true
SUBSTITUIÇAO DE NOME;Migração;true
CONVÊNIO PARA EXPOSIÇÃO ;Migração;true
REALIZAÇÃO DE VISTORIA;Migração;true
REGULARIZAÇAO SITUAÇAO ;Migração;true
REITERA SOLICITAÇÃO;Migração;true
TOMADA DE CONTA;Migração;true
CONVÊNIO UNIÃO X GDF;Migração;true
REPARCELAMENTO;Migração;true
CONFISSÃO DE DÉBITO;Migração;true
ESTRUTURA DE INFORMATICA;Migração;true
EMISSÃO DE FOLHA DE PONTO;Migração;true
INFORMAÇÃO CADASTRAL;Migração;true
ANÁLISE DE PEDIDO ADMINISTRATIVO;Migração;true
REGULARIZAÇÃO FUNDIÁRIA;Migração;true
DEVOLUÇÃO PRESTAÇÃO;Migração;true
AVALIAÇÃO DE ÁREA;Migração;true
DETERMINAÇÃO JUDICIAL;Migração;true
PROGRAMA NOVA POLÍTICA HABITACIONAL GDF;Migração;true
REMARCAÇÃO ÁREA;Migração;true
SOLICITAÇÃO MORADIA;Migração;true
EXECUÇÃO ALIMENTOS;Migração;true
INSPEÇÃO TCDF;Migração;true
CONVÊNIO CÂMARA/SHIS ;Migração;true
COMUNICAÇÃO REUNIÃO;Migração;true
PDGI;Migração;true
RESSARCIMENTO PRESTAÇÃO;Migração;true
RELATÓRIO;Migração;true
DESPACHO PROJU;Migração;true
ERRADICAÇÃO CONSTRUÇÃO IRREGULAR;Migração;true
INFORMATIVO JURÍDICO;Migração;true
ATUALIZAÇÃO;Migração;true
REVISÃO INSCRIÇÃO;Migração;true
COMUNICAÇÃO AUDIÊNCIA;Migração;true
CUMPRIMENTO EXIGÊNCIAS;Migração;true
ATENDIMENTO PENDÊNCIAS;Migração;true
BAIXA CONTÁBIL;Migração;true
CONVÊNIO CAIXA;Migração;true
SOLICITAÇÃO VEICULOS;Migração;true
SÚMULA VINCULANTE;Migração;true
ORDEM SERVIÇO;Migração;true
INTEGRALIZAÇÃO CAPITAL SOCIAL;Migração;true
RESCISÃO CONTRATO;Migração;true
DESPESAS CARTORÁRIAS;Migração;true
CONVENIO BRB SERV;Migração;true
CRIAÇÃO FUNDO;Migração;true
REPASSE RECURSOS;Migração;true
EDITAL CREDENCIAMENTO;Migração;true
CHEQUE MORADIA;Migração;true
AQUISIÇÃO MATERIAL PERMANENTE;Migração;true
PAGAMENTO CUSTAS CARTORARIAS;Migração;true
ALTERAÇÃO ORÇAMENTO;Migração;true
ADESÃO ATA REGISTRO PREÇOS;Migração;true
TRANSFERÊNCIA MATERIAL PERMANENTE;Migração;true
EDITAL CLASSIFICAÇÃO;Migração;true
CONVOCAÇÃO DODF 130/09;Migração;true
FIXAÇÃO ESTRUTURAL;Migração;true
FIXAÇÃO PORTO RICO;Migração;true
CONVOCAÇÃO DODF 174/09;Migração;true
CONVOCAÇÃO CARTA 027/09;Migração;true
CONVOCAÇÃO DODF 137/09;Migração;true
FIXAÇÃO VARJÃO;Migração;true
CONVOCAÇÃO DODF 030/09;Migração;true
REGULARIZAÇÃO BECO CEILÂNDIA;Migração;true
CONVOCAÇÕES DISPERSAS;Migração;true
CONVOCAÇÃO DODF 28/04/09 BRAZLANDIA;Migração;true
CONVOCAÇÃO CARTA 069/09;Migração;true
CONVOCAÇÃO CARTA 527/09;Migração;true
CONVOCAÇÃO CARTA 927/09;Migração;true
FIXAÇÃO BRAZLANDIA;Migração;true
CONVOCAÇÃO CARTA 327/09;Migração;true
CONVOCAÇÃO CARTA 236/09;Migração;true
CONVOCAÇÃO CARTA 222/09;Migração;true
CONVOCAÇÃO CARTA REALOCAÇÃO CAESB;Migração;true
CONVOCAÇÃO REALOCAÇÃO OUT/08;Migração;true
CONVOCAÇÃO CARTA 936/09;Migração;true
CONVOCAÇÃO DECRETO 29880/08;Migração;true
CONVOCAÇÃO CARTA 751/09;Migração;true
CONVOCAÇÃO CARTA 761/09;Migração;true
CONVOCAÇÃO CARTA 105/09;Migração;true
CONVOCAÇÃO DODF VILA MILITAR;Migração;true
CONVOCAÇÃO CARTA 422/09;Migração;true
CONVOCAÇÃO CARTA 099/09;Migração;true
CONVOCAÇÃO 613/09;Migração;true
CONVOCAÇÃO CARTA 652/09;Migração;true
CONVOCAÇÃO CARTA 919/09;Migração;true
CONVOCAÇÃO CARTA 051/09;Migração;true
CONVOCAÇÃO CARTA 444/09;Migração;true
CONVOCAÇÃO CARTA 102/09;Migração;true
CONVOCAÇÃO CARTA 173/09;Migração;true
CONVOCAÇÃO CARTA 009/09;Migração;true
CONVOCAÇÃO CARTA 943/09;Migração;true
CONVOCAÇÃO CARTA 379/09;Migração;true
FIXAÇÃO ITAPOÃ;Migração;true
CONVOCAÇÃO CARTA 931/09;Migração;true
CONVOCAÇÃO CARTA 603/09;Migração;true
CONVOCAÇÃO CARTA 234/09;Migração;true
REALOCAÇÃO SAMAMBAIA;Migração;true
CONVOCAÇÃO CARTA 1035/09;Migração;true
REGULARIZAÇÃO ÁREA;Migração;true
DECLARAÇÃO NÃO POSSUIR IMOVEL NO DF;Migração;true
AQUISIÇÃO CERTIFICADO DIGITAL;Migração;true
ENCAMINHA REQUERIMENTO;Migração;true
APENSADO AO PROCESSO;Migração;true
RESPOSTA PROMAI;Migração;true
RESPOSTA PGDF;Migração;true
RESPOSTA SEOPS;Migração;true
RESPOSTA GRUPAR;Migração;true
RESPOSTA GAG;Migração;true
RESPOSTA CEB;Migração;true
RESPOSTA CAESB;Migração;true
RESPOSTA CEAJUR;Migração;true
RESPOSTA NOVACAP;Migração;true
RESPOSTA TERRACAP;Migração;true
RESPOSTA CLDF;Migração;true
RESPOSTA PMDF;Migração;true
RESPOSTA PCDF;Migração;true
RESPOSTA SEPLAG;Migração;true
RESPOSTA GAV;Migração;true
RESPOSTA SEF;Migração;true
RESPOSTA SEG;Migração;true
EDITAL CHAMAMENTO 01/2009;Migração;true
SUPLEMENTAÇÃO ORÇAMENTÁRIA;Migração;true
REALOCAÇÃO VILA SÃO JOSE;Migração;true
ESTRUTURAL FIXAÇÃO;Migração;true
EDITAL CREDENCIAMENTO 01/2008;Migração;true
CONTRA-RAZÕES AO RECURSO;Migração;true
AQUISIÇÃO IMOVEL SAMAMBAIA;Migração;true
AQUISIÇÃO IMOVEL SANTA MARIA;Migração;true
AQUISIÇÃO IMOVEL CIDADE OCIDENTAL;Migração;true
APURAÇÃO SUPERAVIT FINANCEIRO;Migração;true
FIXAÇÃO VARJÃO;Migração;true
LICENÇA PREMIO PECUNIA;Migração;true
EDITAL CHAMAMENTO 01/2010;Migração;true
AQUISIÇÃO IMOVEL RECANTO DAS EMAS;Migração;true
PROJETO HABITACIONAL;Migração;true
PROCEDIMENTO ADMINISTRATIVO;Migração;true
INCLUSÃO CADASTRO;Migração;true
DODF JARDIM MANGUEIRAL;Migração;true
DESISTENCIA;Migração;true
VENDA LOTES;Migração;true
LAUDO AVALIAÇÃO;Migração;true
CONTRATO;Migração;true
COMISSÃO ESTOQUE ALMOXARIFADO/CODHAB;Migração;true
PAGAMENTO DODF ;Migração;true
LICITAÇÃO SERVIÇOS TÉCNICOS;Migração;true
INSTITUIÇÃO GRUPO DE TRABALHO;Migração;true
CERTIDÕES CARTORARIAS;Migração;true
DEFESA ;Migração;true
PROJETO DE REGULARIZAÇÃO;Migração;true
REMOÇÃO AREA PUBLICA;Migração;true
PORTARIA CONJUNTA;Migração;true
RECEBIMENTO DE DENUNCIA ;Migração;true
REALOCAÇÃO;Migração;true
CONVOCAÇÃO ESTRUTURAL 12257/10;Migração;true
REALOCAÇÃO VILA RABELO;Migração;true
ISENÇÃO TRIBUTO;Migração;true
INCLUSÃO PROGRAMA;Migração;true
EMBARGOS DE DECLARAÇÃO;Migração;true
OFICIO 043/2011;Migração;true
ANÁLISE TÉCNICA ;Migração;true
LAUDO DE SONDAGEM;Migração;true
EXONERAÇAO;NULL;true
CREDENCIAMENTO COOPERATIVAS;NULL;true
MULTIDÃO DAS ESCRITURAS;NULL;true
MUTIRÃO DAS ESCRITURAS;NULL;true
BENEFICIO FISCAL;NULL;true
RECONHECIMENTO DE DÍVIDA;NULL;true
SISTEMA SIC;SISTEMA SIC;true
ALTERAÇÃO ESTATUTO SOCIAL;Novo;true
AVALIAÇÃO DE AÇÃO GOVERNAMENTAL;NOVO;true
ACOMPANHAMENTO SOCIAL;NOVO;true
TERMO DE COOPERAÇÃO TÉCNICA;NOVO;true
CONCURSO;Novo;true
EDITAL DE CONCURSO;Novo;true
CUMPRIMENTO DE SENTENÇA;NOVO;true
