CO_ASSUNTO;NO_ASSUNTO;DS_ASSUNTO;id
1;CONFERÊNCIA EQUIPAMENTOS;Migração;1
2;ABERTURA CONCURSO PUBLICO;Migração;2
3;ABANDONO CARGO;Migração;3
4;ABERTURA AUDITORIA;Migração;4
5;ASSINATURA JORNAIS REVISTAS;Migração;5
6;ABERTURA CONVENIO;Migração;6
7;PROJETO LEI COMPLEMENTAR;Migração;7
8;ABONO FALTA;Migração;8
9;ABONO SALARIAL;Migração;9
10;AÇÃO ANULATORIA;Migração;10
11;AÇÃO CIVIL;Migração;11
12;AÇÃO CONCILIAÇÃO;Migração;12
13;AÇÃO DECLARATÓRIA;Migração;13
14;AÇÃO DEMOLITORIA;Migração;14
15;AÇÃO DESAPROPRIACAO;Migração;15
16;AÇÃO DESPEJO;Migração;16
17;PAGAMENTO TARIFA;Migração;17
18;AÇÃO EXECUTORIA;Migração;18
19;AÇÃO DISCIPLINAR;Migração;19
20;AÇÃO FALENCIA;Migração;20
21;AÇÃO FISCAL;Migração;21
22;AÇÃO IMEDIATA;Migração;22
23;AÇÃO INDENIZAÇÃO;Migração;23
24;AÇÃO INTEGRADA;Migração;24
25;AÇÃO JUDICIAL;Migração;25
26;AÇÃO ORDINARIA;Migração;26
27;AÇÃO PENAL;Migração;27
28;AÇÃO POPULAR;Migração;28
29;AÇÃO SUMARISSIMA;Migração;29
30;AÇÃO TRABALHISTA;Migração;30
31;AÇÃO USUCAPIAO;Migração;31
32;ACESSO AREA PUBLICA;Migração;32
33;ACESSO CARGO PUBLICO;Migração;33
34;RECEBIMENTO DOCUMENTOS;Migração;34
35;ACESSO GARAGEM;Migração;35
36;ACIDENTE TRABALHO;Migração;36
37;ACIDENTE TRANSITO;Migração;37
38;ACIDENTE VEICULO;Migração;38
39;ACORDO COLETIVO;Migração;39
40;ACORDO COLETIVO SALARIAL;Migração;40
41;ACORDO COMERCIAL;Migração;41
42;ABERTURA INQUERITO;Migração;42
43;ACORDO INDIVIDUAL;Migração;43
44;ACRESCIMO AREA;Migração;44
45;IMPLANTAÇÃO CONDOMINIO;Migração;45
46;CANCELAMENTO CONVENIO;Migração;46
47;ACORDO COOPERAÇÃO TÉCNICA ;Migração;47
48;ACUMULACAO CARGO;Migração;48
49;ADICIONAL PERICULOSIDADE;Migração;49
50;ADMISSÃO CONCURSADO;Migração;50
51;ALTERAÇÃO ACOSTAMENTO;Migração;51
52;ALTERAÇÃO ALVARA CONSTRUÇÃO;Migração;52
53;ALTERACAO ALVARA LEVANTAMENTO;Migração;53
54;ALTERACAO ALVARA FUNCIONAMENTO;Migração;54
55;ALTERAÇÃO AREA;Migração;55
56;ALTERACAO DESTINACAO AREA;Migração;56
57;ALTERACAO CADASTRO;Migração;57
58;AUTO NOTIFICAÇÃO;Migração;58
59;ALTERACAO CAPACIDADE TECNICA;Migração;59
60;ALTERACAO CAPITAL SOCIAL;Migração;60
61;ALTERACAO DE CARGO;Migração;61
62;PAGAMENTO IMPOSTO;Migração;62
63;ALTERACAO CARREIRA ASSISTENTE;Migração;63
64;LOCAÇÃO;Migração;64
65;DOCUMENTO INCINERADO P/COMISSÃO DE DOC.;Migração;65
66;INVASÃO E DEPREDAÇÃO DE IMOVEIS;Migração;66
67;FIRMAR CONVÊNIO;Migração;67
68;PUBLICAÇÃO ATO;Migração;68
69;ALTERACAO CODIGO;Migração;69
70;ALTERACAO CONTRATO OBRA;Migração;70
71;ALTERACAO CONVENIO;Migração;71
72;INDENIZACAO ACIDENTE;Migração;72
73;DESAPARECIMENTO DE MATERIAL DE CONSUMO;Migração;73
74;ALTERACAO CURVA SALARIAL;Migração;74
75;ALTERAÇÃO DECRETO;Migração;75
76;REVITALIZAÇÃO;Migração;76
77;RECOLHIMENTO CUSTAS PROCESSUAIS;Migração;77
78;DESCENTRALIZAÇÃO RECURSO;Migração;78
79;REVISAO ENQUADRAMENTO;Migração;79
80;ALTERAÇÃO ENDERECO;Migração;80
81;ALTERACAO ESTRUTURA FUNCIONAL;Migração;81
82;ENQUADRAMENTO;Migração;82
83;SOLICITA ESTUDO ENTREGA LOTE;Migração;83
84;AMPLIAÇÃO VIAS PUBLICAS;Migração;84
85;OCUPAÇÃO HABITACIONAL;Migração;85
86;CITAÇÃO JUDICIAL;Migração;86
87;ALTERACAO EDIFICACAO URBANA;Migração;87
88;PROGRAMA HABITACIONAL ;Migração;88
89;ALTERACAO ESTATUTO;Migração;89
90;RECLAMAÇÃO MORADIA;Migração;90
91;ALTERACAO JORNADA TRABALHO;Migração;91
92;AMPLIACAO ESTACIONAMENTO;Migração;92
93;ANTECIPACAO FERIAS;Migração;93
94;APOIO PUBLICO;Migração;94
95;APOIO CULTURA;Migração;95
96;APOIO FINANCEIRO;Migração;96
97;RESSARCIMENTO FINANCIAMENTO;Migração;97
98;AUTORIZAÇÃO PARTICIPAÇÃO TÉCNICA;Migração;98
99;APOSENTADORIA VOLUNTÁRIA;Migração;99
100;PERMUTA DE IMOVEIS;Migração;100
101;AQUISICAO AGUA MINERAL;Migração;101
102;AQUISICAO AR CONDICIONADO;Migração;102
103;REQUERIMENTO;Migração;103
104;DISPENSA PONTO;Migração;104
105;AQUISICAO DE COMBUSTIVEL;Migração;105
106;AQUISICAO DIVISORIA;Migração;106
107;AQUSICAO ELETRODOMESTICO;Migração;107
108;AQUISICAO EQUIPAMENTO;Migração;108
109;REDISTRIBUIÇÃO IMOVEL;Migração;109
110;AQUISICAO EQUIPAMENTO CONTROLE;Migração;110
111;AQUISICAO EQUIPAMENTO ELETRICO;Migração;111
112;DESPESA SERVICO POSTAL;Migração;112
113;ALTERAÇÃO NOME;Migração;113
114;CERTIDAO OBITO;Migração;114
115;BALANCETE;Migração;115
116;BAIXA BEM PATRIMONIAL;Migração;116
117;AUXILIO NATALIDADE;Migração;117
118;AUXILIO FINANCEIRO;Migração;118
119;ANALISE DE PROPOSTA DE POLIGONAL;Migração;119
120;AQUISICAO FERRAGEM;Migração;120
121;AQUISICAO FERRAMENTA;Migração;121
122;AQUISICAO FORMULARIO;Migração;122
123;AQUISICAO DE GENERO ALIMENTICIO;Migração;123
124;AQUISIÇÃO IMOVEL;Migração;124
125;AQUISICAO MATERIAL AGRICOLA;Migração;125
126;APURACAO DE FATOS;Migração;126
127;AQUISICAO MATERIAL BORRACHARIA;Migração;127
128;ABERTURA CONTRATO;Migração;128
129;AQUISICAO MATERIAL CONSERVACAO;Migração;129
130;AQUISICAO MATERIAL CONSTRUCAO;Migração;130
131;AQUISIÇÃO MATERIAL CONSUMO;Migração;131
132;CARTA HABITE-SE;Migração;132
133;ALVARA CONSTRUCAO;Migração;133
134;AQUISICAO MATERIAL DECORACAO;Migração;134
135;AQUISICAO MATERIAL DESENHO;Migração;135
136;AQUISICAO MATERIAL ELETRICO;Migração;136
137;AQUISICAO MATERIAL ESCOLAR;Migração;137
138;AQUISICAO MATERIAL ESCRITORIO;Migração;138
139;AQUISICAO MATERIAL ESPORTIVO;Migração;139
140;AQUISICAO MATERIAL FESTA;Migração;140
141;AQUISICAO MATERIAL FOTOGRAFICO;Migração;141
142;AQUISICAO MATERIAL HIDRAULICO;Migração;142
143;AQUISICAO MATERIAL AUDIOVISUAL;Migração;143
144;APROVACAO PROJETO;Migração;144
145;AQUISICAO MATERIAL IMPORTADO;Migração;145
146;AQUISICAO MATERIAL INFORMATICA;Migração;146
147;AQUISICAO MATERIAL INSETICIDA;Migração;147
148;AQUISICAO MATERIAL LABORATORIO;Migração;148
149;AQUISICAO MATERIAL LIMPEZA;Migração;149
150;AQUISICAO MATERIAL MARCENARIA;Migração;150
151;AQUISICAO MATERIAL MANUTENCAO;Migração;151
152;AQUISICAO EQUIPAMENTO SOM;Migração;152
153;PROJETO INCIAL;Migração;153
154;AQUISICAO MATERIAL ORNAMENTAL;Migração;154
155;AQUISICAO MATERIAL PINTURA;Migração;155
156;AQUISICAO MATERIAL PISCINA;Migração;156
157;AQUISICAO MATERIAL PREMIACAO;Migração;157
158;AQUISICAO MATERIAL PROMOCIONAL;Migração;158
159;AQUISICAO MATERIAL RECICLADO;Migração;159
160;PROJETO ACRESCIMO;Migração;160
161;INCLUIR NO PROGRAMA DE MORADIA;Migração;161
162;AQUISICAO MATERIAL SEGURANCA;Migração;162
163;AQUISICAO MATERIAL SOM;Migração;163
164;AQUISICAO MATERIAL SINALIZACAO;Migração;164
165;AQUISICAO TACOMETRO;Migração;165
166;AQUISIÇÃO AREA;Migração;166
167;ARRENDAMENTO AREA AGRICOLA;Migração;167
168;ARRENDAMENTO AREA RURAL;Migração;168
169;ASCENSAO FUNCIONAL;Migração;169
170;ASSISTENCIA FAMILIAR;Migração;170
171;ASSISTENCIA JURIDICA;Migração;171
172;ASSISTENCIA MEDICA000;Migração;172
173;ASSISTENCIA SOCIAL;Migração;173
174;ASSISTENCIA TECNICA;Migração;174
175;ATESTADO EXECUCAO;Migração;175
176;ATESTADO MEDICO;Migração;176
177;ATESTADO REGULARIDADE IMOVEL;Migração;177
178;ATIVIDADE ESCOLAR;Migração;178
179;DEVOLUÇÃO DE ADIANTAMENTO DE FÉRIAS;Migração;179
180;ARQUIVAMENTO DE DOCUMENTOS;Migração;180
181;AUTO EMBARGO;Migração;181
182;AUTO INFRACAO;Migração;182
183;VISTO DE PROJETO DE OBRA;Migração;183
184;AUTORIZACAO DESPESA;Migração;184
185;AUXILIO FUNERAL;Migração;185
186;BAIXA INSCRIÇÃO;Migração;186
187;BENEFICIO DEFICIENTE FISICO;Migração;187
188;PROJETO DE REVITALIZAÇÃO;Migração;188
189;LIBERACAO VEICULO;Migração;189
190;JUNTA MEDICA;Migração;190
191;ENCADERNAÇÃO DE DOCUMENTOS;Migração;191
192;REGULARIZAÇÃO DE NGB;Migração;192
193;CANCELAMENTO DEBITO;Migração;193
194;RESCISÃO DE CONVÊNIO;Migração;194
195;PUBLICAÇÃO ;Migração;195
196;AUTORIZAÇÃO PARA INSTALAÇÃO DE ÁGUA;Migração;196
197;INCORPORAÇÃO DE DÉCIMOS;Migração;197
198;CANCELAMENTO USO TACOMETRO;Migração;198
199;CAPTACAO AGUA;Migração;199
200;CERTIDAO REGULARIDADE IMOVEL;Migração;200
201;CERTIDAO TEMPO SERVICO;Migração;201
202;CONCESSAO AREA;Migração;202
203;CONCESSAO BENEFICIO;Migração;203
204;CONCESSAO DIARIA;Migração;204
205;CONCESSAO FERIAS;Migração;205
206;CONCESSÃO DE USO;Migração;206
207;CONSERVACAO AREA;Migração;207
208;CONSERVACAO BEM PUBLICO;Migração;208
209;PROGRAMA HABITAR BRASIL BID;Migração;209
210;CONCURSO PÚBLICO NACIONAL DE ARQUITETURA;Migração;210
211;CONSTRUÇÃO CASA;Migração;211
212;COMISSÃO DE SINDICÂNCIA;Migração;212
213;CONSTRUCAO EDIFICACAO;Migração;213
214;CONSTRUCAO ESTACIONAMENTO;Migração;214
215;CONTRATACAO ESTAGIARIO;Migração;215
216;COOPERACAO TECNICA CIENTIFICA;Migração;216
217;DEFERIMENTO PROCESSO;Migração;217
218;CREDITO ADICIONAL;Migração;218
219;ABERTURA DE CREDITO ;Migração;219
220;ENCAMINHA PROPOSTA;Migração;220
221;RELATÓRIO DE AUDITORIA;Migração;221
222;CRIAÇÃO CARGO;Migração;222
223;CRIAÇÃO CARGO COMISSAO;Migração;223
224;CRIACAO CODIGO;Migração;224
225;CRIACAO CONSULTORIA;Migração;225
226;CRIACAO CRECHE;Migração;226
227;CRIAÇÃO DECRETO;Migração;227
228;MINUTA DECRETO;Migração;228
229;CRIACAO DELEGACIA;Migração;229
230;CRIACAO ESTATUTO;Migração;230
231;DESIGNAÇÃO AREA;Migração;231
232;ENCERRAMENTO DE EXERCÍCIO;Migração;232
233;DANO BEM PUBLICO;Migração;233
234;DECLARACAO UTILIDADE PUBLICA;Migração;234
235;DEMARCAÇÃO DE  ÁREA;Migração;235
236;NOTIFICAÇÃO;Migração;236
237;DENÚNCIA ;Migração;237
238;RECOLHIMENTO TAXA;Migração;238
239;SOLICITA CERCAMENTO DE ÁREA;Migração;239
240;DESAPROPRIAÇÃO ÁREA;Migração;240
241;EMISSAO NOTA EMPENHO;Migração;241
242;DESCONTO CONTRIBUICAO SINDICAL;Migração;242
243;DESPESA HOSPEDAGEM;Migração;243
244;DESTINACAO AREA;Migração;244
245;ENCAMINHA INFORMAÇÕES;Migração;245
246;DESTINAÇÃO AREA ASSENTAMENTO;Migração;246
247;DEMISSAO DE SERVIDOR;Migração;247
248;DIREITO USO AREA;Migração;248
249;SUSPENSÃO DEMOLIÇÃO;Migração;249
250;DOACAO AREA;Migração;250
251;SOLICITA SEGUNDA VIA DE DOCUMENTO;Migração;251
252;DOTACAO ORCAMENTARIA;Migração;252
253;EMBARGO CONSTRUCAO;Migração;253
254;EMPRESTIMO BEM PUBLICO;Migração;254
255;EMPRESTIMO CAPITAL SOCIAL;Migração;255
256;RECOLHIMENTO DE GUIAS;Migração;256
257;FALTA INJUSTIFICADA;Migração;257
258;FECHAMENTO AREA;Migração;258
259;FINANCEAMENTO CASA PROPRIA;Migração;259
260;FISCALIZACAO OBRA;Migração;260
261;FOLHA PAGAMENTO;Migração;261
262;FOLHA PAGAMENTO PENSAO;Migração;262
263;FOLHA PAGAMENTO SUPLEMENTAR;Migração;263
264;FUNCIONAMENTO ESTABELECIMENTO;Migração;264
265;GRATIFICACAO FUNCAO;Migração;265
266;GRATIFICACAO GABINETE;Migração;266
267;APREENSAO DOCUMENTO;Migração;267
268;GRATIFICACAO NATALINA;Migração;268
269;GRATIFICACAO PRODUTIVIDADE;Migração;269
270;GUIA RECOLHIMENTO;Migração;270
271;GRATIFICACAO RISCO;Migração;271
272;HABEAS CORPUS;Migração;272
273;HORA EXTRA;Migração;273
274;INCENTIVO ESPORTE;Migração;274
275;INCLUSÃO DEPENDENTE;Migração;275
276;INCORPORACAO GRATIFICACAO;Migração;276
277;INDENIZACAO AREA;Migração;277
278;TRANFERENCIA DE DOCUMENTO;Migração;278
279;INSTALACAO BEM PUBLICO;Migração;279
280;APOIO ADMINISTRATIVO;Migração;280
281;ANULACAO PROVA;Migração;281
282;INSUBORDINACAO SERVIDOR;Migração;282
283;INVASAO AREA PUBLICA;Migração;283
284;JORNADA TRABALHO;Migração;284
285;LIBERACAO ALVARA CONSTRUCAO;Migração;285
286;LIBERACAO ;Migração;286
287;LIBERACAO CAPITAL SOCIAL;Migração;287
289;LIBERACAO COTA;Migração;288
290;LEGALIZAÇÃO AREA;Migração;289
291;LIBERACAO ALVARA FUNCIONAMENTO;Migração;290
292;LIBERACAO ALVARA LEVANTAMENTO;Migração;291
293;LIBERACAO AREA;Migração;292
294;LIBERACAO ATIVIDADE COMERCIAL;Migração;293
295;LIBERACAO BANCA FEIRA;Migração;294
296;LIBERACAO ATIVIDADE ELEITORAL;Migração;295
297;LIBERACAO BANCA JORNAL;Migração;296
298;LIBERACAO CODIGO;Migração;297
299;LIBERACAO CONTRATO SOCIAL;Migração;298
300;LIBERACAO FGTS;Migração;299
301;LIBERACAO ATIVIDADE POLUIDORA;Migração;300
302;MANUTENCAO AR CONDICIONADO;Migração;301
303;MANUTENCAO FERRAGENS;Migração;302
304;AÇÕES GOVERNAMENTAIS;Migração;303
305;OPCAO CARGO;Migração;304
306;LIBERACAO DE RECURSOS;Migração;305
307;PAGAMENTO DIVIDA ATIVA;Migração;306
308;PAGAMENTO PRESTAÇÃO;Migração;307
309;PAGAMENTO INSCRICAO CURSO;Migração;308
310;ALTERACAO ANTEPROJETO LEI;Migração;309
311;PARCELAMENTO AREA;Migração;310
312;PARTICIPACAO DE CURSO;Migração;311
313;PROMOCAO EVENTO;Migração;312
314;PRORROGACAO DE FERIAS;Migração;313
315;PUBLICACAO EDITAL;Migração;314
316;READMISSAO FUNCAO;Migração;315
317;RECOLHIMENTO DIVIDA;Migração;316
318;ANUÁRIO ESTÁTISTICO;Migração;317
319;REGULARIZACAO AREA;Migração;318
320;CARTEIRA IMOBILIARIA;Migração;319
321;REGULARIZACAO DE CONDOMINIO;Migração;320
322;RETIFICAR;Migração;321
323;RELACAO DESCONTO;Migração;322
324;RELACAO DESCONTO FGTS;Migração;323
325;RELACAO DESCONTO INSS;Migração;324
326;RELACAO DESCONTO IR;Migração;325
327;ALTERACAO CONTRATO;Migração;326
328;COMUNICA PADRONIZAÇÃO DE POSTAGEM;Migração;327
329;RENOVACAO CONTRATO SOCIAL;Migração;328
330;ABERTURA RELATORIO;Migração;329
331;COMUNICA FATOS;Migração;330
332;RESCISAO CONTRATO TRABALHO;Migração;331
333;AVERBAÇÃO DE RESERVA LEGAL;Migração;332
334;SOLICITAÇÃO DE VISTORIA;Migração;333
335;SOLICITAÇÃO DE ADOÇÃO;Migração;334
336;SUPRIMENTO FUNDO;Migração;335
337;EXECUCAO DE SERVICOS EXTRAS;Migração;336
338;TRANSFERENCIA AREA;Migração;337
339;INDICAÇÃO DE SERVIDOR;Migração;338
340;PESQUISA;Migração;339
341;TRANSFERENCIA DELEGACIA;Migração;340
342;TRANSPOSICAO DE CARGO;Migração;341
343;DPF;Migração;342
344;UTILIZACAO DE GABARITO;Migração;343
345;UTILIZACAO ABATEDOURO;Migração;344
346;ABERTURA LICITACAO;Migração;345
347;ABERTURA LICITACAO CONVITE;Migração;346
348;REFORMULAÇÃO DE AREA;Migração;347
349;ABERTURA SINDICANCIA;Migração;348
350;ABERTURA TOMADA CONTA;Migração;349
351;ABERTURA TOMADA PRECO;Migração;350
352;IMPLANTAÇÃO DE PROJETO;Migração;351
353;ACESSO VIA PÚBLICA;Migração;352
354;PROJETO DE OCUPAÇÃO DE AREA;Migração;353
355;ACRESCIMO PERCENTUAL PENSAO;Migração;354
357;ADICIONAL DE INSALUBRIDADE;Migração;355
358;ADICIONAL NOTURNO;Migração;356
359;AFASTAMENO PAIS;Migração;357
360;AGREGACAO OFICIAL MILITAR;Migração;358
361;AUTORIZACAO PARA  A ENTRADA NO PREDIO;Migração;359
362;ALTERACAO CONVENIO OBRA SOCIAL;Migração;360
364;ALTERAÇÃO LEI ;Migração;361
366;ALTERACAO PROJETO URBANISTICO;Migração;362
367;ALTERACAO NORMA;Migração;363
368;ALTERACAO ORCAMENTARIA;Migração;364
369;ALTERACAO PRECO;Migração;365
371;RETIFICAÇÃO DE ÁREA;Migração;366
372;ALTERACAO PROJETO;Migração;367
373;ALTERACAO PROJETO LEI;Migração;368
374;ALTERACAO PROJETO VIARIO;Migração;369
375;QDD - QUADRO DE DETALHAMENTO DA DESPESA;Migração;370
376;TRANSFERÊNCIA DE ARQUIVOS;Migração;371
378;ALTERACAO RECURSO FINANCEIRO;Migração;372
379;ALTERACAO REGIME;Migração;373
380;ALTERACAO REGIME TRABALHO;Migração;374
381;ALTERACAO REGIME JURIDICO;Migração;375
382;INFORMA CONCLUSÃO DE OBRA;Migração;376
383;ALTERACAO DE RELATORIO;Migração;377
384;ALTERACAO SALARIO;Migração;378
385;ALTERACAO SISTEMA SANITARIO;Migração;379
387;ALTERACAO USINA;Migração;380
389;ALTERACAO VERBAL;Migração;381
390;ALUGUEL IMOVEL COMERCIAL;Migração;382
391;AQUISICAO MATERIAL ELETRONICO;Migração;383
392;ANTECIPACAO SALARIO;Migração;384
393;ANULACAO INQUERITO;Migração;385
394;CONSELHO DISCIPLINAR;Migração;386
395;ANULACAO DE INQUERITO POLICIAL;Migração;387
396;ANULACAO OCORRENCIA;Migração;388
397;APLICACAO MULTA;Migração;389
398;AQUISICAO EQUIPAMENTO METRO;Migração;390
400;APLICACAO REGULAMENTO;Migração;391
401;DESAFETACAO DE ÁREA PÚBLICA;Migração;392
402;CONSELHO JUSTIFICACAO;Migração;393
403;APROVACAO QUADRO DEMONSTRATIVO;Migração;394
404;APROVACAO REGIME JURIDICO;Migração;395
406;APROVACAO REGULAMENTO;Migração;396
407;APROVACAO RELATORIO;Migração;397
408;AQUISIÇÃO IMOVEL MANGUEIRAL ;Migração;398
409;AQUISICAO INSTRUMENTO MEDICO;Migração;399
410;AQUISICAO INSTRUMENTO ODONTOLOGICO;Migração;400
411;AQUISICAO LINHA TELEFONICA;Migração;401
412;AQUISIÇÃO LOTE;Migração;402
413;AQUISICAO MADEIRA;Migração;403
414;AQUISICAO MAQUINA;Migração;404
415;AQUISICAO MEDICAMENTO;Migração;405
416;AQUISICAO MOBILIARIO;Migração;406
417;AQUISICAO PASSAGEM;Migração;407
418;FORNECIMENTO TICKET REFEICAO;Migração;408
419;AQUISICAO PECA VEICULO;Migração;409
420;AQUISICAO PERIODICO;Migração;410
421;AQUISICAO PRODUTO QUIMICO;Migração;411
422;AQUISICAO SELO;Migração;412
423;AQUISICAO VALE TRANSPORTE;Migração;413
424;AQUISICAO UTENSILIO DOMESTICO;Migração;414
425;AQUISICAO VEICULO;Migração;415
426;AQUISICAO VESTUARIO;Migração;416
427;MANDADO DE PENHORA;Migração;417
429;FORNECIMENTO ALIMENTACAO;Migração;418
430;MINUTA DE LEI;Migração;419
431;AUTORIZACAO VIAGEM;Migração;420
432;AUTORIZAÇÃO VISTORIA TECNICA;Migração;421
433;AVERBACAO TEMPO SERVICO;Migração;422
442;CANCELAMENTO LICITACAO CONVITE;Migração;423
444;CANCELAMENTO MULTA;Migração;424
445;CANCELAMENTO NOTA FISCAL;Migração;425
446;CANCELAMENTO ORDEM SERVICO;Migração;426
447;CANCELAMENTO PENSAO;Migração;427
448;CANCELAMENTO PRAZO;Migração;428
449;CANCELAMENTO PROPOSTA;Migração;429
451;REMOÇÃO FAMILIAS ;Migração;430
452;DUPLICIDADE DE ENDEREÇO;Migração;431
453;CANCELAMENTO REGISTRO;Migração;432
454;CANCELAMENTO REGULAMENTO;Migração;433
455;CANCELAMENTO SALDO;Migração;434
456;CANCELAMENTO SEGURO;Migração;435
457;CANCELAMENTO SINDICANCIA;Migração;436
462;CANCELAMENTO TOMADA CONTA;Migração;437
463;CANCELAMENTO VERBA;Migração;438
464;CONCESSÃO IMOVEL;Migração;439
466;CONCESSAO REFERENCIA;Migração;440
467;CONFECCAO IMPRESSO;Migração;441
468;CONSERVACAO OBRA PUBLICA;Migração;442
469;CONTRATACAO SERVIDOR MENOR;Migração;443
470;CONTRIBUICAO SINDICAL;Migração;444
475;construcao de terminal rodoviario;Migração;445
477;CONTRATO TERMO ACEITACAO;Migração;446
478;CONTRATO TERMO OCUPACAO;Migração;447
479;SANEAMENTO BASICO;Migração;448
480;CONTRATO TERMO TRANSFERENCIA;Migração;449
481;CONSULTA PRÉVIA;Migração;450
482;CONTROLE ATIVIDADE POLUIDORA;Migração;451
483;CONVENIO OBRA SOCIAL;Migração;452
486;CRIACAO NORMA;Migração;453
487;CRIACAO POSTO ATENDIMENTO;Migração;454
488;CRIACAO POSTO FISCAL;Migração;455
489;CRIACAO PROCESSAMENTO DADOS;Migração;456
491;CRIACAO QUADRO PESSOAL;Migração;457
492;CRIACAO REGIMENTO;Migração;458
493;CRIACAO TABELA;Migração;459
494;DEFESA NOTIFICACAO;Migração;460
495;MANUNTENCAO EQUIPAMENTO ELETRONICO;Migração;461
496;DESAVERBACAO TEMPO SERVICO;Migração;462
497;DESCONTO SEGURO;Migração;463
499;DESPESA PUBLICIDADE;Migração;464
500;DESPESA SERVICO FOTOGRAFICO;Migração;465
501;DESTINAÇÃO LOTE;Migração;466
502;DOACAO VERBA;Migração;467
503;ELABORACAO PROGRAMA;Migração;468
504;ELABORACAO PROGRAMA DESEMBOLSO;Migração;469
505;ELABORACAO PROJETO;Migração;470
507;ELABORACAO  PROJETO URBANISTICO;Migração;471
508;ELABORACAO PROJETO VIARIO;Migração;472
509;ELABORACAO RELATORIO;Migração;473
510;EMISSAO ORDEM SERVICO;Migração;474
511;ENCAMINHA RELAÇÃO  ;Migração;475
512;EQUIVALENCIA CURSO;Migração;476
513;ESTRATEGIA MATRICULA ESCOLAR;Migração;477
514;GRATIFICACAO REGENCIA CLASSE;Migração;478
515;INSTALACAO REDE AGUA;Migração;479
516;INSTALACAO REDE ELETRICA;Migração;480
517;INSTALACAO REDE ESGOTO;Migração;481
518;INSTALACAO REDE TELEFONICA;Migração;482
519;IMPLANTACAO REGIME JURIDICO;Migração;483
520;IMPLANTACAO REGIMENTO;Migração;484
521;IMPLANTACAO SUBESTACAO;Migração;485
522;INCENTIVO FISCAL;Migração;486
523;INCENTIVO FUNCIONAL;Migração;487
524;INCLUSAO PROVA JURIDICA;Migração;488
525;INCLUSAO SALARIO FAMILIA;Migração;489
526;INCORPORACAO POLICIAL;Migração;490
527;APOIO EVENTO;Migração;491
528;INDENIZACAO TRANSPORTE;Migração;492
529;INDICACAO POSTO ATENDIMENTO;Migração;493
530;INDICACAO POSTO FISCAL;Migração;494
531;INQUERITO ADMINISTRATIVO;Migração;495
532;INQUERITO POLICIAL;Migração;496
533;INSPENCAO OBRA SOCIAL;Migração;497
534;INSTALACAO ILUMINACAO;Migração;498
535;INSTALACAO ILUMINACAO PUBLICA;Migração;499
536;INSTALACAO PONTO VENDA;Migração;500
537;INVENTARIO BEM PATRIMONIAL;Migração;501
539;IRREGULARIDADE INQUERITO;Migração;502
542;IRREGULARIDADE LOTE;Migração;503
543;IRREGULARIDADE OBRAS;Migração;504
544;IRREGULARIDADE PONTO VENDA;Migração;505
545;PRORROGACAO PRAZO REQUISICAO;Migração;506
546;IRREGULARIDADE POSTO FISCAL;Migração;507
547;IRREGULARIDADE PROPOSTA;Migração;508
548;IRREGULARIDADE TRAILLER;Migração;509
549;ISENCAO INPC;Migração;510
550;ISENCAO IMPOSTO;Migração;511
551;ISENCAO IPTU;Migração;512
552;ISENCAO IPVA;Migração;513
553;ISENCAO ISS;Migração;514
554;ISENCAO MULTA;Migração;515
555;ALTERACAO TABELA;Migração;516
556;LANCAMENTO TRIBUTARIO;Migração;517
557;LAUDO MEDICO;Migração;518
558;LAUDO TECNICO;Migração;519
564;LICENCA ESPECIAL;Migração;520
565;LICENCA MEDICA;Migração;521
566;LICENCA PREMIO ASSIDUIDADE;Migração;522
567;LICENCA PROVISORIA;Migração;523
568;LIQUIDACAO DE DEBITO;Migração;524
569;MANDADO SEGURANÇA;Migração;525
570;MANDATO SEGURANCA;Migração;526
571;MANUTENCAO ILUMINACAO;Migração;527
574;MANUTENCAO SISTEMA SANITARIO;Migração;528
575;MANUTENCAO SISTEMA VIARIO;Migração;529
576;MANUTENCAO SUBESTACAO;Migração;530
579;MUDNCA INSTALACAO FISICA;Migração;531
580;NOMEACAO POSSE CARGO;Migração;532
581;OCORRENCIA;Migração;533
582;OCORRENCIA FURTO;Migração;534
583;OCORRENCIA POLICIAL;Migração;535
584;OCUPACAO ESPACO SOCIAL;Migração;536
585;PAGAMENTO NOTIFICACAO;Migração;537
586;PAGAMENTO PRESTACAO SERVICO;Migração;538
587;SOLICITACAO DE PAGAMENTO DE FOLHA;Migração;539
588;PAGAMENTO SALARIO FAMILIA;Migração;540
589;PAGAMENTO SEGURO;Migração;541
590;PROGRESSÃO FUNCIONAL ;Migração;542
591;PAGAMENTO SEGURO OBRIGARIO;Migração;543
592;PAGAMENTO TAXA;Migração;544
593;PAGAMENTO TITULO;Migração;545
594;PAGAMENTO TLP;Migração;546
595;PAGAMANTO VENCIMENTO;Migração;547
596;PENSAO ALIMENTICIA;Migração;548
597;PARTILHA DOS DIREITOS;Migração;549
602;PLANO CARGO SALARIO;Migração;550
604;PLANO ORCAMENTARIO;Migração;551
605;PLANILHA CUSTO;Migração;552
606;precatorio;Migração;553
608;PRESERVACAO MEIO AMBIENTE;Migração;554
609;PRESTACAO SERVICO;Migração;555
611;PRESTACAO SERVICO LIMPEZA;Migração;556
613;PROCESSO ADMINISTRATIVO;Migração;557
615;PROMOCAO INCENTIVO FUNCIONAL;Migração;558
618;LAUDO CIRCUSTANCIADO;Migração;559
621;PRORROGACAO PRAZO;Migração;560
630;REAJUSTE TABELA;Migração;561
635;RECONSIDERAÇÃO RECURSO;Migração;562
636;OCUPAÇÃO IMOVEL;Migração;563
637;RECURSO ADMINISTRATIVO;Migração;564
640;REDUCAO E DESCONTO;Migração;565
641;REEMBOLSO SALARIO ENCARGO;Migração;566
642;REFORMA ADMINISTRATIVA;Migração;567
643;REFORMA INSTALACAO FISICA;Migração;568
647;REGISTRO EMPRESA;Migração;569
648;REGISTRO DE ENTIDADE;Migração;570
650;ANTECIPACAO DECIMO TERCEIRO;Migração;571
651;REGULARIZAÇÃO IMOVEL;Migração;572
652;REGULARIZACAO IMOVEL COMERCIAL;Migração;573
654;REGULARIZACAO IMPOSTO;Migração;574
655;REGULARIZAÇÃO LOTE;Migração;575
656;REGULARIZACAO NORMA;Migração;576
657;REGULARIZACAO OBRA SOCIAL;Migração;577
664;CANCELAMENTO CONCORRENCIA;Migração;578
666;REMANEJAMENTO REDE AGUA;Migração;579
668;REMANEJAMENTO REDE ESGOTO;Migração;580
669;REMANEJAMENTO REDE TELEFONICA;Migração;581
670;REMUNERACAO DE SERVICO;Migração;582
671;REMUNERACAO SERVIDOR;Migração;583
672;RENOVACAO INSCRICAO;Migração;584
677;RETIFICACAO SALARIO;Migração;585
678;REQUISICAO SERVIDOR;Migração;586
681;REVISAO DE PROJETOS;Migração;587
686;revogacao decreto;Migração;588
690;seguranca obra publica;Migração;589
693;SUBSIDIO TRANSPORTE;Migração;590
694;SECRETARIA DE EDUCAÇÃO;Migração;591
697;TERMO ADITIVO CONTRATO;Migração;592
698;TOMADA DE PRECOS;Migração;593
699;SOLICITA INFORMAÇÃO DE CONVOCADOS;Migração;594
700;TRANSFERENCIA  DE DIREITOS;Migração;595
701;RELATORIO PROGRAMA MORAR MELHOR;Migração;596
702;TRANSFERENCIA PLACA;Migração;597
703;TRANSFERENCIA TITULARIDADE;Migração;598
704;URBANIZAÇÃO AREA;Migração;599
705;VISTORIA TECNICA;Migração;600
707;TREINAMENTO PESSOAL;Migração;601
708;INCORPORACAO BEM PATRIMONIAL;Migração;602
709;LICENCA EXECUCAO OBRA;Migração;603
711;FUNDO ROTATIVO;Migração;604
712;CONTRATO SERVICO VIGILANCIA;Migração;605
713;CONTRATO SERVICO LIMPEZA;Migração;606
715;RECLAMACAO CONSUMO AGUA;Migração;607
718;RECLAMACAO ESGOTO;Migração;608
719;TERMO QUITACAO;Migração;609
720;MANUTENCAO EQUIPAMENTO ESCRITORIO;Migração;610
721;CANCELAMENTO CONTRATO;Migração;611
722;TOMADA DE CONTA ESPECIAL;Migração;612
724;ANALISE PROJETO HIDRAULICO SANITARIO;Migração;613
725;ASSISTENCIA FARMACEUTICA;Migração;614
726;ASSISTENCIA ODONTOLOGICA;Migração;615
729;ABERTURA CONCURSO INTERNO;Migração;616
731;AQUISICAO MAQUINA REGISTRADORA;Migração;617
732;AQUISICAO MATERIAL PROTECAO;Migração;618
733;CONTRATACAO PESSOAL;Migração;619
734;DEVOLUCAO CREDITO;Migração;620
735;INVENTARIO FISICO FINANCEIRO;Migração;621
736;RENOVACAO CONTRATO;Migração;622
737;SEGURO VIDA;Migração;623
738;SEGURO RISCO;Migração;624
739;SEGURO VEICULO;Migração;625
740;SEGURO BEM PATRIMONIAL;Migração;626
741;ALIENACAO BEM PATRIMONIAL;Migração;627
743;ALTERACAO FUNCAO;Migração;628
744;ALTERACAO TABELA PREGO;Migração;629
745;AQUISICAO BEBEDOURO;Migração;630
746;AQUISICAO GAS;Migração;631
747;AQUISICAO PASSE;Migração;632
748;AQUISICAO MATERIAL CAPOTARIA;Migração;633
749;AQUISICAO SOFTWARE;Migração;634
750;ASSEMBLEIA GERAL ORDINARIA;Migração;635
751;ASSEMBEIA ORDINARIA ACIONISTA;Migração;636
752;AUTORIZACAO PARA EXAME;Migração;637
753;AUXILIO CRECHE;Migração;638
754;AUXILIO DOENCA;Migração;639
755;AVALIACAO IMOVEL;Migração;640
756;BALANCETE ORCAMENTARIO;Migração;641
757;BALANCO PATRIMONIAL INTERMEDIARIO;Migração;642
758;COMPLEMENTACAO DIARIA;Migração;643
759;COMPLEMENTACAO SALARIAL;Migração;644
760;CONTRIBUICAO SOCIAL;Migração;645
761;COOPERATIVA HABITACIONAL;Migração;646
762;DEPRECIACAO BEM;Migração;647
763;CONSTRUCAO DE SALA;Migração;648
764;DEVOLUCAO EQUIPAMENTO;Migração;649
765;CANCELAMENTO LICENCA S/VENCIMENTO;Migração;650
766;ESTAGIO TECNICO EXTERIOR;Migração;651
767;ESTIMATIVA CUSTO;Migração;652
768;FINSOCIAL;Migração;653
769;FOTO AEREA;Migração;654
770;CRIACAO GRUPO TRABALHO;Migração;655
771;INDICE CUSTO VIDA;Migração;656
772;INFRACAO TRANSITO;Migração;657
773;LICENCA USO;Migração;658
774;LICITACAO TOMADA PRECO;Migração;659
775;LOCACAO EQUIPAMENTO;Migração;660
776;ALTERACAO REGULAMENTO;Migração;661
777;LOCACAO DE VEICULO;Migração;662
778;MANUTENCAO TELEFONICA;Migração;663
779;MINERACAO GEOCONOMICA;Migração;664
780;ELABORACAO NORMA;Migração;665
781;PAGAMENTO CORRECAO MONETARIA;Migração;666
782;PAGAMENTO ESTAGIARIO;Migração;667
783;PAGAMENTO MULTA;Migração;668
784;PARECER TECNICO;Migração;669
785;PARECER JURIDICO;Migração;670
786;PARTICIPACAO EVENTO;Migração;671
787;DEVOLUÇÃO DE SERVIDOR;Migração;672
788;PROGRAMA BOM MENINO;Migração;673
789;PRORROGACAO CONTRATO;Migração;674
790;PRORROGAÇÃO SUSPENSÃO CONTRATO;Migração;675
792;RECLAMACAO TRABALHISTA;Migração;676
793;REAJUSTE PRE€O                         .;Migração;677
794;REAJUSTE SALARIAL;Migração;678
795;ALTERACAO DOCUMENTO;Migração;679
796;REGIMENTO DE INTERNO;Migração;680
797;REGULARIZACAO REIVINDICACAO;Migração;681
799;CONSERVACAO MOBILIARIO;Migração;682
800;CONSERVACAO VEICULO;Migração;683
801;RETORNO SERVIDOR;Migração;684
803;TRANSFERENCIA SERVIDOR;Migração;685
804;VENDA PUBLICACAO;Migração;686
805;ACAO REPARACAO;Migração;687
806;ADIANTAMENTO TROCO COBRADO;Migração;688
807;ADVERTENCIA;Migração;689
808;AFASTAMENTO PROVISORIO;Migração;690
809;AGRESSAO FISICA;Migração;691
811;APLICACAO FINANCEIRA;Migração;692
812;ARROMBAMENTO BEM;Migração;693
813;AQUISICAO EQUIPAMENTO FOTOGRAFICO;Migração;694
814;ATROPELAMENTO;Migração;695
815;AUTORIZACAO DESCONTO;Migração;696
816;EMPRESTIMO BANCARIO;Migração;697
817;CAIXA ROTATIVO;Migração;698
818;CAIXA UNICO;Migração;699
819;CERTIDAO NEGATIVA;Migração;700
820;ABERTURA INVENTARIO;Migração;701
821;ABERTURA LEILAO;Migração;702
822;COMISSAO PREVENCAO ACIDENTE;Migração;703
823;COMUNICACAO IRREGULARIDADE;Migração;704
824;CONCESSAO LICENCA;Migração;705
825;CONTROLE NTA DEBITO CREDITO;Migração;706
826;CONSTITUIÇÃO  DE COMISSÃO;Migração;707
827;ALTERACAO ESTRUTURA ORGANIZACIONAL;Migração;708
828;CRIACAO POSTO POLICIAL;Migração;709
829;CONFECCAO AVISO;Migração;710
831;DEMONSTRATIVO CORRECAO MONETARIA;Migração;711
832;DEMONSTRATIVO REPARACAO DANO;Migração;712
833;DESVIO FUNCAO;Migração;713
834;DIFERENCA RECEITA;Migração;714
835;ELEICAO OPERARIO PADRAO;Migração;715
836;EXECUCAO OBRA;Migração;716
837;EXECUCAO SERVICO;Migração;717
838;FORNECIMENTO MATERIAL;Migração;718
840;IMPRESSAO GRAFICA;Migração;719
841;FALTA JUSTIFICADA;Migração;720
842;LIGACAO ENERGIA;Migração;721
843;PAGAMENTO PESSOAL;Migração;722
844;AQUISICAO MATERIAL;Migração;723
845;AQUISICAO ACESSORIO VEICULO;Migração;724
846;MANUTENCAO VEICULO;Migração;725
847;MANUTENCAO SERVICO BORRACHARIA;Migração;726
848;TERMO COMPROMISSO;Migração;727
850;AQUISICAO TICKET REFEICAO;Migração;728
851;ADVERTENCIA CONTRATUAL;Migração;729
852;ALOCACAO RECURSO;Migração;730
853;APROPRIACAO INDEBITA;Migração;731
854;AUTORIZACAO CREDENCIAMENTO;Migração;732
855;ALTERACAO CONTRIBUINTE;Migração;733
856;SEC. ASSUNTOS FUNDIARIOS;Migração;734
858;ALTERACAO REGIME ESPECIAL;Migração;735
859;AVOCACAO PROCESSO;Migração;736
860;AQUISICAO DE MATERIAL PERMANENTE;Migração;737
861;AQUISICAO TOLDO;Migração;738
863;AMPLIACAO PLANO INFORMATIZACAO;Migração;739
864;AUTORIZACAO PAGAMENTO;Migração;740
865;AFASTAMENTO SEDE OBJETO SERVICO;Migração;741
866;ACOMPANHAMENTO PERFORMANCE EMPREGADO;Migração;742
867;AUTO PRISAO;Migração;743
868;CONTRATACAO DE SERVICO;Migração;744
869;CONSERTO VEICULO;Migração;745
870;CONSERTO MOBILIARIO;Migração;746
871;COMUNICADO CONTRA SERVIDOR;Migração;747
872;CONFIRMACAO PAUTA;Migração;748
873;CONSERTO EQUIPAMENTO;Migração;749
874;CARTA PRECATORIO;Migração;750
875;CANCELAMENTO DE INSCRICAO;Migração;751
877;CONSULTA TRIBUTO;Migração;752
878;CONTRATO MANUTENCAO SERVICO;Migração;753
879;CONTRATO PRESTACAO SERVICO;Migração;754
880;CONTRATACAO CONSULTORIA;Migração;755
881;CONCESSAO BOLSA ESTUDO;Migração;756
882;DEFESA ACAO DEMOLITORIA;Migração;757
883;DEPOSITO BANCARIO;Migração;758
884;DISPENSA LICITACAO;Migração;759
885;DEVOLUCAO TRIBUTO;Migração;760
886;DEVOLUCAO VEICULO;Migração;761
887;PONTUAÇÃO DE INSCRITOS;Migração;762
888;DOACAO VEICULO;Migração;763
889;DELEGACAO PODERES;Migração;764
891;DOACAO MATERIAL;Migração;765
892;EXECUCAO REPARO;Migração;766
894;EXONERACAO CARGO;Migração;767
895;EXECUCAO FISCAL;Migração;768
896;ELABORACAO ORCAMENTO;Migração;769
897;ELEICAO COMISSAO EMPREGADO;Migração;770
898;FALTA RELEVADA;Migração;771
899;FUNCIONAMENTO RECLUSO;Migração;772
901;IMPLANTACAO SISTEMA INFORMATICA;Migração;773
902;INSTALACAO EQUIPAMENTO;Migração;774
903;IMPLEMENTACAO SISTEMA INFORMATICA;Migração;775
904;INCLUSAO PROJETO;Migração;776
905;ISENCAO ICMS;Migração;777
906;INSCRICAO DEBITO DIVIDA ATIVA;Migração;778
907;INFORMACAO CREDITO DEBITO INSS;Migração;779
908;INSCRICAO CONTA DESPESA;Migração;780
909;IMPLANTACAO SINALIZACAO;Migração;781
910;IDENTIFICACAO FUNCIONAL;Migração;782
911;ISONOMIA SALARIAL;Migração;783
912;LICENCA AMBIENTAL;Migração;784
913;LAUDO ACIDENTE TRAFEGO;Migração;785
914;LAUDO CADAVERICO;Migração;786
915;LAUDO SUBSTANCIA QUIMICA;Migração;787
916;LAUDO VISTORIA;Migração;788
917;LAUDO EFICIENCIA;Migração;789
918;LAUDO RETENCIDADE DISPARO;Migração;790
919;LAUDO AVALIACAO ECONOMICA;Migração;791
920;LAUDO LESOES CORPORAIS;Migração;792
921;MANUTENCAO MAQUINA;Migração;793
922;INSCRICAO ASSOCIACOES;Migração;794
925;BUSCA E APREENSAO;Migração;795
926;LAUDO BUSCA PESSOAL;Migração;796
927;ALTERACAO EDITAL;Migração;797
928;ORDEM BANCARIA;Migração;798
930;OCUPACAO AREA;Migração;799
931;PAGAMENTO DE ANUIDADE;Migração;800
932;PAGAMENTO PASEP;Migração;801
935;PAGAMENTO PENSAO;Migração;802
936;PARCELAMENTO DE DÉBITO;Migração;803
937;PLANO EXPANSAO URBANA;Migração;804
939;PRESTACAO CONTA;Migração;805
940;PAGAMENTO CONSELHO;Migração;806
941;PARTICIPACAO SEMINARIO;Migração;807
942;participacao estagio;Migração;808
943;PAGAMENTO TRIBUTO;Migração;809
944;RESSARCIMENTO DESPESA;Migração;810
945;REALIZACAO EXPOSICAO;Migração;811
946;RENOVACAO ASSINATURA;Migração;812
950;REVISAO TRIBUTO;Migração;813
952;RESSARCIMENTO DANO VEICULO;Migração;814
953;REINCORPORACAO BEM PATRIMONIAL;Migração;815
956;REVERSAO CREDITO;Migração;816
958;RECUPERACAO MATERIAL;Migração;817
960;REPOSICAO DE PAGAMENTO;Migração;818
961;REVISAO PROVENTO;Migração;819
963;SUSPENSAO CONTRATO;Migração;820
964;SALDO ORCAMENTARIO;Migração;821
965;APLICACAO PUNICAO;Migração;822
966;SUPERAVIT ORCAMENTO CORRENTE;Migração;823
967;TRANSFERENCIA BEM PATRIMONIAL;Migração;824
968;TRANSPORTE ESCOLAR;Migração;825
969;TRANSPORTE PUBLICO;Migração;826
970;TABELA TEMPORALIDADE DOCUMENTO;Migração;827
971;ACAO DIRETA INCONSTITUCIONALIDADE;Migração;828
972;APROVACAO DE PROPOSTA;Migração;829
973;ALTERACAO CARREIRA ATIVIDADE JURIDICA;Migração;830
975;ANULACAO INQUERITO ADMINISTRATIVO;Migração;831
976;APRECIACAO QUADRO DEMONSTRATIVO;Migração;832
977;AQUISICAO ARTIGO CAMA MESA BANHO;Migração;833
978;AQUISICAO EQUIPAMENTO ELETRONICO;Migração;834
979;AQUISICAO EQUIPAMENTO ESCRITORIO;Migração;835
980;AQUISICAO EQUIPAMENTO INFORMATICA;Migração;836
981;AQUISICAO EQUIPAMENTO REPROGRAFICO;Migração;837
982;AQUISICAO EQUIPAMENTO SEGURANCA;Migração;838
983;AQUISICAO EQUIPAMENTO TELECOMUNICACAO;Migração;839
985;AQUISICAO MATERIAL BIBLIOGRAFICO;Migração;840
986;AQUISICAO MATERIAL CINEMATOGRAFICO;Migração;841
987;AQUISICAO MATERIAL REPROGRAFICO;Migração;842
988;AQUISICAO MATERIAL VEICULO;Migração;843
989;AQUISICAO MATERIAL IDENTIFICACAO;Migração;844
990;AQUISICAO MATERIAL ODONTOLOGICO;Migração;845
991;AQUISICAO MATERIAL REFRIGERACAO;Migração;846
992;AQUISICAO MATERIAL REVESTIMENTO;Migração;847
993;AQUISICAO TITULARIDADE PERPETUO;Migração;848
996;CANCELAMENTO CONCORRENCIA PUBLICA;Migração;849
998;CANCELAMENTO RECURSO FINANCEIRO;Migração;850
999;CONTRATO TERMO RESPONSABILIDADE;Migração;851
1000;DENUNCIA IRREGULARIDADE MOTORISTA;Migração;852
1001;DESAPARECIMENTO BEM PATRIMONIAL;Migração;853
1002;ELABORACAO PROJETO ARQUITETONICO;Migração;854
1003;IRREGULARIDADE EXPLORACAO MINERAL;Migração;855
1004;IRREGULARIDADE INQUERITO ADMINISTRATIVO;Migração;856
1005;IRREGULARIDADE INQUERITO POLICIAL;Migração;857
1006;IRREGULARIDADE POSTO ATENDIMENTO;Migração;858
1007;APRESENTAÇÃO DE SERVIDOR;Migração;859
1008;PAGAMENTO ANTECIPADO DECIMO TERCEIRO;Migração;860
1010;RECONSTITUICAO PROCESSO ORIGINAL;Migração;861
1011;REGULARIZAÇÃO DE DOCUMENTAÇÃO;Migração;862
1012;CRIAÇAO DE AREA;Migração;863
1017;MINUTA CONVENIO;Migração;864
1018;CONTA PUBLICITARIA;Migração;865
1019;EQUIPAMENTO;Migração;866
1020;SOLICITA AUTORIZACAO ;Migração;867
1021;HIPOTECA IMOVEL;Migração;868
1022;AVALIACAO SERVIDOR;Migração;869
1023;CANCELAMENTO APOSENTADORIA;Migração;870
1024;DESPENSA ESTAGIO;Migração;871
1025;CONSTRUCAO OBRA PUBLICA;Migração;872
1026;CONSTRUCAO PARQUE;Migração;873
1027;CONSTRUÇAO AREA DE LAZER;Migração;874
1028;DENUNCIA IRREGULARIDADE;Migração;875
1029;DENUNCIA ASSALTO;Migração;876
1031;DESTINACAO AREA RURAL;Migração;877
1032;DESTINAÇÃO IMOVEL;Migração;878
1034;IMPLANTACAO COOPERATIVA;Migração;879
1035;IMPLANTACAO POLO CINEMA VIDEO;Migração;880
1036;INSPECAO MEDICA;Migração;881
1037;INSPECAO SANITARIA;Migração;882
1038;LIBERACAO ATIVIDADE INDUSTRIAL;Migração;883
1039;INSTALACAO TELEFONICA;Migração;884
1040;DEVOLUCAO IMPOSTO;Migração;885
1041;ELABORACAO GRUPO DESPESA;Migração;886
1042;EXECUCAO LIMPEZA PUBLICA;Migração;887
1043;IRREGULARIDADE LICITACAO;Migração;888
1044;IRREGULARIDADE CONTRATACAO PESSOAL;Migração;889
1045;INCORPORACAO HORA EXTRA;Migração;890
1046;INCORPORACAO SALARIAL;Migração;891
1047;INDENIZACAO TRABALHISTA;Migração;892
1048;INDENIZACAO BEM PUBLICO;Migração;893
1049;LIBERACAO INSTALACAO;Migração;894
1050;INCINERACAO BANDEIRA;Migração;895
1051;ISENCAO TAXA;Migração;896
1052;LIGACAO DE AGUA;Migração;897
1054;PROJETO ATIVIDADE RURAL;Migração;898
1055;PROJETO URBANISTICO;Migração;899
1057;REGULARIZACAO VEICULO;Migração;900
1058;REGULARIZAÇÃO DE LEI/COMPLEMENTAR;Migração;901
1059;REGULARIZACAO USO PASSE;Migração;902
1060;REINVIDICACAO SOCIAL;Migração;903
1061;DUPLICIDADE TOMBAMENTO;Migração;904
1062;TRANSFERENCIA RECURSOS;Migração;905
1063;REVISÃO PENSÃO;Migração;906
1065;REAJUSTE DE TARIFAS;Migração;907
1067;MANUTENCAO EQUIPAMENTO;Migração;908
1069;RECONHECIMENTO ESTABELECIMENTO;Migração;909
1071;IMPLANTACAO LINHA ONIBUS;Migração;910
1072;CONCESSAO MEDALHA;Migração;911
1073;COMUNICACAO OBITO SERVIDOR;Migração;912
1076;IRREGULARIDADE IMOVEL COMERCIAL;Migração;913
1081;APLICACAO RECURSO;Migração;914
1082;UTILIZACAO AREA;Migração;915
1083;OCUPACAO FUNCAO;Migração;916
1084;ORDEM PAGAMENTO;Migração;917
1085;CONTRATACAO DE EMPRESA;Migração;918
1087;CANCELAMENTO DESCONTO;Migração;919
1088;DISPENSA FUNCAO;Migração;920
1089;COMUNICACAO EXTRAVIO;Migração;921
1090;EXECUCAO DEBITO JUIZO;Migração;922
1091;CONTRATO FIGURACAO;Migração;923
1092;CANCELAMENTO PAGAMENTO;Migração;924
1093;TERMO DISTRATO;Migração;925
1095;PAGAMENTO HONORARIO;Migração;926
1097;PADRONIZ|CAO PLACA;Migração;927
1098;PAGAMENTO FERIAS;Migração;928
1099;RELATORIO DE SEMINÁRIO / CONGRESSO;Migração;929
1100;FINANCEAMENTO BEM;Migração;930
1101;PAGAMENTO ALUGUEL;Migração;931
1102;PAGAMENTO DEBITO;Migração;932
1104;PAGAMENTO AVUSO PREVIO;Migração;933
1107;PAGAMENTO DE JETON;Migração;934
1108;PAGAMENTO RECLAMACAO TRABALHISTA;Migração;935
1109;PROCEDIMENTO NORMA EDIFICACAO;Migração;936
1110;ACAO ADMINISTRATIVA;Migração;937
1111;ALTERAÇÃO DE NGB;Migração;938
1113;PAGAMENTO EMPRESTIMO COMPULSORIO;Migração;939
1114;PAGAMENTO ENCARGO FINANCEIRO;Migração;940
1115;ERRADICAÇÃO INVASÃO;Migração;941
1116;AQUISICAO MEDALHA;Migração;942
1117;PAGAMENTO INDENIZACAO TRANSPORTE;Migração;943
1118;CONCESSAO PLACA;Migração;944
1120;AUTORIZACAO TRAFEGO VEICULO;Migração;945
1121;CONCESSAO GRATIFICACAO;Migração;946
1122;DEFESA ACAO ADMINISTRATIVA;Migração;947
1123;PROGRAMACAO PREVENCAO MORTALIDADE;Migração;948
1124;CONCESSAO TROFEUS;Migração;949
1125;TERMO PERMISSAO;Migração;950
1126;IMPLANTACAO ESTATUA;Migração;951
1127;PLANO TRABALHO;Migração;952
1128;ALVARA DE FUNCIONAMENTO;Migração;953
1130;REGULARIZACAO ATIVIDADE COMERCIAL;Migração;954
1131;RESSARCIMENTO SALARIO;Migração;955
1136;PROCESSO ESPECIAL;Migração;956
1137;DEFINIÇÃO DE PARÂMENTROS CONSTRUTIVOS;Migração;957
1138;CRIACAO CONSELHO;Migração;958
1139;PROCEDIMENTO LEI;Migração;959
1141;CONTAGEM TEMPO SERVICO;Migração;960
1142;AQUISICAO MATERIAL ALFAIATARIA;Migração;961
1144;CONVERSAO LICENCA PREMIO PECULIO;Migração;962
1145;ISENCAO PAGAMENTO DESPESA;Migração;963
1146;MANDADO CITAÇÃO INTIMAÇÃO;Migração;964
1147;MANDADO JUDICIAL;Migração;965
1148;MANUTENCAO APARELHO DOMESTICO;Migração;966
1150;PROGRAMA DESENVOLVIMENTO RECUSRO;Migração;967
1151;AUDITORIA;Migração;968
1152;SUBSTITUICAO DE SERVIDOR;Migração;969
1153;SENTENÇA JUDICIAL;Migração;970
1154;PROGRAMA ALIMENTACAO;Migração;971
1155;APLICACAO LEI;Migração;972
1156;ESCRITURA IMOVEL;Migração;973
1157;REMANEJAMENTO ;Migração;974
1158;AQUISICAO MATERIAL BELICO;Migração;975
1162;DEDUCAO PARCELA RECOLHIDA;Migração;976
1163;EXCLUSAO NOME DEBITO FIRMA;Migração;977
1164;FORNECIMENTO REFEICAO;Migração;978
1165;INCINERACAO MATERIAL;Migração;979
1166;INDENIZACAO PROPRIETARIO;Migração;980
1167;INGRESSO RECEITA TRIBUTO;Migração;981
1169;IMPLANTACAO SISTEMA LEITURA CODIGO;Migração;982
1170;REPOSICAO BEM PATRIMONIAL;Migração;983
1171;TERMO PRODUCAO BEM;Migração;984
1172;SUBSTITUICAO DE CARGO;Migração;985
1173;ALTERACAO FATURA;Migração;986
1174;DOCUMENTO TECNICO;Migração;987
1175;COMPROVANTE DESPESA REEMBOLSAVEL;Migração;988
1176;CONTRATACAO DEMANDA;Migração;989
1177;AQUISICAO EQUIPAMENTO LABORATORIO;Migração;990
1178;AQUISICAO EQUIPAMENTO MANUTENCAO;Migração;991
1179;PAGAMENTO JURO CORRECAO;Migração;992
1180;APLICAÇÃO DE PENALIDADE A SERVIDOR;Migração;993
1181;PROJETO TECNICO;Migração;994
1182;SUBSTITUICAO CAUCAO;Migração;995
1185;AUTORIZACAO FATURAMENTO REAJUSTE;Migração;996
1186;CARTA FIANCA;Migração;997
1188;IMPUGNACAO RECURSO;Migração;998
1189;AMPLIACAO RESERVATORIO;Migração;999
1192;AQUISICAO MATERIAL REDE AGUA;Migração;1000
1193;CADASTRO REDE;Migração;1001
1194;INTERFERENCIA REDE;Migração;1002
1196;LIGACAO CLANDESTINA;Migração;1003
1198;DOACAO BEM PATRIMONIAL;Migração;1004
1199;DEFESA ACAO USUCAPIAO;Migração;1005
1200;AQUISICAO MATERIAL EXPEDIENTE;Migração;1006
1201;HOMOLOGACAO COMPRA;Migração;1007
1202;REAJUSTE BOLSA DE ESTUDO;Migração;1008
1203;ALTERA PERIODO DE FÉRIAS;Migração;1009
1204;REIFICACAO IMPOSTO;Migração;1010
1212;COMUNICA FALTA DE MATERIAL DE EXPEDIENTE;Migração;1011
1213;COMUNICA DEBITO DE FATURAS;Migração;1012
1225;DEMONSTRATIVO DE RATEIO;Migração;1013
1227;TRANSPORTE COLETIVO;Migração;1014
1228;ALTERACAO DE INSTRUCAO;Migração;1015
1229;RECURSOS PARA REALIZACAO DE OBRAS;Migração;1016
1230;DESISTENCIA DE LOTE;Migração;1017
1231;DESOBSTRUCAO DE AREA ;Migração;1018
1232;SEM ASSUNTO - TERRACAP;Migração;1019
1233;SINDICANCIA DE LOTE;Migração;1020
1234;MATERIAL DE DIVULGAÇÃO;Migração;1021
1235;SOLICITAÇÃO CÓPIAS DE DOCUMENTOS  ;Migração;1022
1236;DEVOLUCAO SEGURIDADE;Migração;1023
1237;SEM ASSUNTO - GAB CIVIL;Migração;1024
1238;SEM ASSUNTO - SDU/DF;Migração;1025
1239;INCLUSÃO QUADRO PESSOAL GDF;Migração;1026
1240;REMANEJAMENTO LOTE;Migração;1027
1241;SEM ASSUNTO - PRG;Migração;1028
1242;LETRAS IMOBILIARIAS;Migração;1029
1243;JUNTAR DOCUMENTOS;Migração;1030
1244;PROCESSO DESAPARECIDO;Migração;1031
1245;SOLICITA TROCA DE INSCRICAO;Migração;1032
1246;SOLICITA INFORMACOES ;Migração;1033
1247;PROGRAMA DE DESLIGAMENTO VOLUNTÁRIO;Migração;1034
1248;LICENÇA SEM VENCIMENTO;Migração;1035
1249;PROGRAMAÇÃO DE CURSOS;Migração;1036
1250;PROJETO HABITACIONAL;Migração;1037
1300;INDICA  REPRESENTANTE GRUPO TRABALHO;Migração;1038
1416;ESTUDO PRELIMINAR ;Migração;1039
1467;SOLICITA ANÁLISE E MANIFESTAÇÃO;Migração;1040
1512;EDITAL CREDENCIAMENTO;Migração;1041
1514;RELATÓRIO VISTORIA;Migração;1042
1515;RELATÓRIO;Migração;1043
1527;RECOLHIMENTO INSS;Migração;1044
1528;RECOLHIMENTO FGTS;Migração;1045
1533;SUPLEMENTAÇÃO DE CRÉDITO;Migração;1046
1534;PAGAMENTO CURSOS;Migração;1047
1554;AQUISIÇÃO DE PRODUTOS ALIMENTICIOS;Migração;1048
1600;QUITAÇÃO ANTECIPADA;Migração;1049
1616;HABILITAÇÃO;Migração;1050
1617;HABILITAÇÃO;Migração;1051
1622;REMOÇÃO;Migração;1052
1648;PORTARIA CONJUNTA;Migração;1053
1651;PORTARIA CONJUNTA;Migração;1054
1659;CREDENCIAMENTO EMPRESA EDITAL Nº 07/2011;Migração;1055
1700;ENCAMINHA RELAÇÃO DE IMOVEIS;Migração;1056
1701;ENCAMINHA DECISÃO;Migração;1057
1702;ENCAMINHA CONSULTA;Migração;1058
1703;REVOGAÇÃO DOCUMENTO;Migração;1059
1704;VENDA DE ACOES;Migração;1060
1705;EXPOSIÇÃO MOTIVOS;Migração;1061
1706;CONFECCAO DE CASE - MALOTE;Migração;1062
1707;DESISTENCIA DE IMOVEL/LOTE;Migração;1063
1708;RECOMENDACåES DIVERSAS;Migração;1064
1709;RESOLUCAO DE DIRETORIA;Migração;1065
1710;INFORMA NOVOS ENDERECO;Migração;1066
1711;ACORDO DE COOPERAÇÃO TÉCNICA;Migração;1067
1800;ENCAMINHA CONTAS TELEFONICAS;Migração;1068
1801;bloqueio linha telefonica;Migração;1069
1802;VENDA DE LOTE DO PROG HAB DA SEDUH     ;Migração;1070
1803;CONVOCAÇÃO;Migração;1071
1804;ALIENAÇÃO DE IMÓVEL ;Migração;1072
1805;AUDIÊNCIA PÚBLICA ;Migração;1073
1806;SUSTAÇÃO DA VENDA DE IMÓVEL;Migração;1074
1807;APROVAÇÃO DE NORMAS;Migração;1075
1808;TERMO DE REFERÊNCIA ;Migração;1076
1809;ESTUDO DE IMPACTO AMBIENTAL - EIA;Migração;1077
1810;RELATÓRIO DE IMPACTO AMBIENTAL - RIMA;Migração;1078
1811;RELATÓRIO DE IMPACTO DE VIZINHANÇA -RIVI;Migração;1079
2000;SOLICITAÇÃO MORADIA;Migração;1080
2001;REQUER CADASTRAMENTO;Migração;1081
2002;AUTUADO INDEVIDAMENTE;Migração;1082
2003;VENDA DE LOTE /ASSENTAMENTO;Migração;1083
2004;EXTRATO DE DENUNCIA;Migração;1084
2005;ENCAMINHA COPIA OFICIO;Migração;1085
2006;ATESTADO DE CAPACIDADE TECNICA;Migração;1086
2007;COMUNICA EXECUCAO DE SERV FORA DO PRAZO;Migração;1087
2008;COMUNICA INVASAO DE IMOVEL;Migração;1088
2009;COMUNICA PERMUTA DE LOTES;Migração;1089
2010;COMUNICA PORCENTAGEM ADICIONAL;Migração;1090
2011;REQUER DECLARACAO DE QUITACAO;Migração;1091
2012;DEVOLUCAO CAUÇÃO;Migração;1092
2013;DEVOLUCAO DE DIFERENCA DE PRESTACOES;Migração;1093
2014;REQUER EPCV;Migração;1094
2015;REQUER EPCV POR TERMINO DE FINANCIAMENTO;Migração;1095
2016;incluir documento;Migração;1096
2017;JUNTAR AO PROCESSO COPIAS DOCUMENTOS;Migração;1097
2018;JUNTAR CERTIDAO DE OBITO;Migração;1098
2019;JUNTAR CERTIDAO POSITIVA;Migração;1099
2020;JUNTAR COPIA DO FORMAL DE PARTILHA;Migração;1100
2021;JUNTAR CUMPRIMENTO EXIGENCIA DE CARTORIO;Migração;1101
2022;QUITACAO EM ESPECIE;Migração;1102
2023;QUITACAO COM 50% DE DESCONTO;Migração;1103
2024;QUITACAO PELO FGTS;Migração;1104
2025;QUITACAO PELO SEGURO;Migração;1105
2026;QUITACAO POR TERMINO DE FINANCIAMENTO;Migração;1106
2027;QUITACAO TOTAL;Migração;1107
2028;QUITACAO P/X.N NUMERO DE PRESTACAO;Migração;1108
2029;QUITACAO 30/ DE DESCONTO;Migração;1109
2030;QUITACAO 40 % DE DESCONTO;Migração;1110
2031;CARTA REGULARIZACAO DO LOTE;Migração;1111
2032;COPIA DO CPCV;Migração;1112
2033;COPIA PROCESSO;Migração;1113
2034;DESARQUIVAMENTO PROCESSO;Migração;1114
2035;SEGUNDA VIA DO CPCV;Migração;1115
2036;ENVIAR CORRESP A OUTRO ENDERECO;Migração;1116
2037;INCORPORACAO DE FUNCAO;Migração;1117
2038;LICENÇA PRÉVIA;Migração;1118
2039;LOTE;Migração;1119
2040;MODIFICACAO DE CONSTRUCAO;Migração;1120
2041;MORADIA;Migração;1121
2042;PERMUTA;Migração;1122
2043;PCU/REPL;Migração;1123
2044;PERMANENCIA NO LOTE;Migração;1124
2045;RATIFICAÇÃO DOCUMENTO;Migração;1125
2046;RETIFICAÇÃO DOCUMENTO;Migração;1126
2047;TRANSFERÊNCIA IMOVEL;Migração;1127
2048;TRANSFERÊNCIA LOTE;Migração;1128
2049;HORARIO ESPECIAL;Migração;1129
2050;FAZER OU RENOVAR INSCRICAO;Migração;1130
2051;SEGUNDA VIA DO EPCV;Migração;1131
2052;CONVOCAÇÃO INSCRITOS;Migração;1132
2053;REVISAO DE INDICES;Migração;1133
2054;SALARIO FAMILIA;Migração;1134
2055;REGULARIZAÇÃO LOTE;Migração;1135
2056;RE-RATIFICACAO/JUNTAR DOCUMENTO;Migração;1136
2057;LAVRATURA EPCV/FICHA DESCRITIVA;Migração;1137
2058;COPIA TAXA EPCV;Migração;1138
2059;AUXILIO FUNERAL;Migração;1139
2060;DEVOLUÇÃO TAXA PAGA INDEVIDA;Migração;1140
2061;JUNTAR CERTIDAO ONUS;Migração;1141
2062;JUNTAR TAXA EPCV E PROCURACAO;Migração;1142
2063;REVISÃO REQUERIMENTO;Migração;1143
2064;CUMPRIR EXIGENCIA ;Migração;1144
2065;COPIA DO TERMO DE OCUPACAO;Migração;1145
2066;ABONO DE PONTO ANUAL;Migração;1146
2067;JUNTAR DOCUMENTO ORIGINAL;Migração;1147
2068;COMUNICA DESOCUPACAO DE IMOVEL;Migração;1148
2069;SALDO DEVEDOR DO IMOVEL;Migração;1149
2070;INVENTÁRIO PATRIMONIAL DA SEDUH;Migração;1150
2071;REGISTRO EPCV;Migração;1151
2072;EXCLUSAO DE NOME ;Migração;1152
2073;DEVOLUÇÃO IMPORTANCIA;Migração;1153
2074;SOLICITA COPIA DOCUMENTO;Migração;1154
2075;INFORMACOES DE CADASTRO/IDHAB;Migração;1155
2076;DESAUTORIZA TRANSACOES LOTE/IMOVEIS;Migração;1156
2077;INFORMA FREQUENCIA DE SERVIDOR;Migração;1157
2078;AUTORIZACAO P/PERMUTA DE LOTE;Migração;1158
2079;REVISAO DE PROCESSO;Migração;1159
2080;CALCULO/ATUALIZACAO MONETARIA;Migração;1160
2081;RETIFICAR ENDERECO;Migração;1161
2082;BUSCA DE PROCESSO/REQUERIMENTO;Migração;1162
2083;DECLARACAO DE RETENCAO/IMPOSTO;Migração;1163
2084;DECLARACAO PARA FINS DE INVENTARIO;Migração;1164
2085;PROPORCIONALIDADE DE IMOVEL;Migração;1165
2086;INFORMACOES SOBRE REQUERMENTO/processo;Migração;1166
2087;SE HA TITULO DE CONCESSAO/USO;Migração;1167
2088;PRAZO PARA ENTREGA DE DOCUMENTO;Migração;1168
2089;ATUALIZACAO DE ENDERECO;Migração;1169
2090;RENUNCIA DE DIREITOS;Migração;1170
2091;CERTIDÃO POSITIVA;Migração;1171
2092;CANCELAMENTO CARTA CONVITE;Migração;1172
2093;AJUDA DIVERSAS;Migração;1173
2094;RECONSIDERACAO;Migração;1174
2095;SUSPENSAO DO DOCUMENTO;Migração;1175
2096;PUBLICAÇÃO DE PORTARIAS;Migração;1176
2097;DEVOLUCAO DE DOCUMENTO;Migração;1177
2098;AVISO PRELIMINAR DE SINISTRO;Migração;1178
2099;ASSINATURA DE DOCUMENTO;Migração;1179
2100;AUTORIZACAO PARA LICITACAO;Migração;1180
2101;INCORPORACAO SHIS/IDHAB;Migração;1181
2102;INFORMA OCUPACAO INDEVIDA DO LOTE/IMOVEL;Migração;1182
2103;PARCELAMENTO DE DIVIDA;Migração;1183
2104;INCORPORACAO CEF/BNH;Migração;1184
2105;BAIXA DE HIPOTECA;Migração;1185
2106;TERMO DE DESISTENCIA;Migração;1186
2107;EXONERACAO;Migração;1187
2108;REINTEGRACAO DE POSSE;Migração;1188
2109;AMORTIZACAO DE PRESTACAO;Migração;1189
2110;SUBSTITUIÇÃO DE ASSOCIADO;Migração;1190
2111;ENCAMINHA PROPOSTA DE SIMBOLO IDHAB;Migração;1191
2112;AMPLIAÇÃO DE ÁREA;Migração;1192
2113;DESBLOQUEIO;Migração;1193
2114;SOLICITACAO DE VAGAS;Migração;1194
2115;ISENCAO DIVERSAS;Migração;1195
2116;COMUNICA ABANDONO DE LOTE/IMOVEL;Migração;1196
2117;LIBERACAO DE DOCUMENTO;Migração;1197
2118;RESILIÇÃO DO CONTRATO;Migração;1198
2119;DECLARACAO;Migração;1199
2120;ENCAMINHA DOCUMENTO;Migração;1200
2121;MUDANÇA DE OPÇÃO DE LOTE;Migração;1201
2122;FORMALIZACAO DE PROCESSO;Migração;1202
2123;BAIXA PRESTAÇÕES;Migração;1203
2124;REMARCAÇÃO DE FERIAS;Migração;1204
2125;AUDIENCIA;Migração;1205
2126;CUMPRIMENTO CONTRATO;Migração;1206
2127;AGILIZAÇÃO PROCESSO;Migração;1207
2128;ALTERAÇÃO ESTADO CIVIL;Migração;1208
2129;INCORPORACAO DE DEBITOS;Migração;1209
2130;ABONO ASSIDUIDADE;Migração;1210
2131;AUXILIO ALIMENTAÇÃO;Migração;1211
2132;INFORMAÇÕES DIVERSAS;Migração;1212
2133;APRESENTA JUSTIFICATIVA P/INADIMPLENCIA;Migração;1213
2134;LICENCA ADMINISTRATIVA ;Migração;1214
2135;AMORTIZAÇÃO SALDO DEVEDOR;Migração;1215
2136;GRATIFICACAO NATALINA;Migração;1216
2137;RECURSO PARA RECADASTRAMENTO;Migração;1217
2138;APRECIAÇÃO PROCESSO;Migração;1218
2139;AVISO DE LICITAÇÃO;Migração;1219
2140;INCORPORACAO DE ENCARGOS EM ATRAS0;Migração;1220
2141;DISPENSA DE CUSTA JUDICIAL;Migração;1221
2142;TERMO DE OPCAO;Migração;1222
2143;TRANSFERENCIA DE PARTE;Migração;1223
2144;APOSENTADORIA;Migração;1224
2145;CELEBRAÇÃO DE CONVÊNIO;Migração;1225
2146;ALTERA END. ENTREGA DE CORRESPONDENCIA;Migração;1226
2147;ALTERAÇAO DE CONTRATO;Migração;1227
2148;AVERBACAO DO TEMPO DE SERVICO;Migração;1228
2149;APRESENTAÇÃO COMPROVANTE PGTO/PRESTAÇÃO;Migração;1229
2150;PENSAO ESPECIAL;Migração;1230
2151;FAZ ESCLARECIMENTOS;Migração;1231
2152;RESGATE DE INSCRICAO;Migração;1232
2153;RECEBIMENTO DE LOTE;Migração;1233
2154;ferias;Migração;1234
2155;participar programa servir;Migração;1235
2156;CONVÊNIO DE CONSIGNAÇÃO;Migração;1236
2157;RETORNAR P/ LISTAGEM GERAL DE INSCRITOS ;Migração;1237
2158;recebimento de obra;Migração;1238
2159;VISTORIA NO IMOVEL;Migração;1239
2160;REDUÇÃO DE ASSINATURA DE PERIODICOS;Migração;1240
2161;DEPÓSITO DE PENHORA;Migração;1241
2200;LICENCA NOJO;Migração;1242
2201;MINUTA TERMO DE COOPERAÇÃO TÉCNICA;Migração;1243
2202;NOTA TECNICA;Migração;1244
2203;LICENÇA DE OPERAÇÃO;Migração;1245
2222;MARCAÇÃO DE FÉRIAS;Migração;1246
2325;MINUTA POLÍTICA HABITACIONAL DO DF;Migração;1247
2390;SOLICITAÇÃO DE ÁREA;Migração;1248
2450;SUSPENCAO DE SERVICO;Migração;1249
2998;CÓPIA DECISÃO;Migração;1250
2999;CUMPRIMENTO DE NORMAS ;Migração;1251
3000;DISPONIBILIDADE DE IMOVEIS;Migração;1252
3001;CERTIDAO DE ONUS REAIS;Migração;1253
3002;MATERIAL DE USO NORMAL;Migração;1254
3003;CORTE DE AGUA/LUZ EM IMOVEL;Migração;1255
3004;COMUNICACAO DE OCORRENCIA;Migração;1256
3005;PAGAMENTO IPTU/TLP;Migração;1257
3006;PAGAMENTO FATURA/TAXA;Migração;1258
3007;PAGAMENTO DE EMPRESA (MANUT/FORNECEDORES;Migração;1259
3008;RELATORIO DAS ATIVIDADES;Migração;1260
3009;DEMONST DE DESP COM MATERIAL FORN P/ ALM;Migração;1261
3010;ENCAMINHA FOLHA DE FREQUÊNCIA;Migração;1262
3011;SOLICITACAO DE SUPRIMENTO DE FUNDOS;Migração;1263
3012;DESIGNACAO DE COMISSAO P/ LEILAO DE BENS;Migração;1264
3013;MANUTENCAO DE IMOVEIS FUNCIONAIS;Migração;1265
3014;PAGAMENTO DE TAXAS/IMPOSTO REF IMOV FUNC;Migração;1266
3015;PROVIDENCIAS JURIDICAS REF A IMOV FUNCIO;Migração;1267
3016;PROVID JURID REF EMP CONTRAT E A FORNECE;Migração;1268
3018;DOCUMENTOS DIVERSOS PARA AUTUAR;Migração;1269
3019;PROJETO LISTA LIMPA;Migração;1270
3020;ACERVO RECEBIDO DA TERRACAP;Migração;1271
3021;AVERBACAO DE BAIXAS DE  HIPOTECA;Migração;1272
3022;TRAB DE IDENT DE FAMIL QUE OCUP A IRREG;Migração;1273
3023;REITERACAO DE BUSCAS DE PROCESSOS;Migração;1274
3024;SOLICITA LEVANTAMENTO SOCIO-ECONOMICO;Migração;1275
3025;ALTERACAO EM CARGOS DE COMISSAO;Migração;1276
3026;SOLICITA BUSCAS DE PROCESSOS;Migração;1277
3027;DESIGNA SERVIDOR PARA CARGO;Migração;1278
3028;SOLIC RELATORIO DE ATIV EXC P/ DIVISAO;Migração;1279
3029;SOLICITA REVISAO ;Migração;1280
3030;PROCEDER AVALIACOES;Migração;1281
3031;VISITA A CANTEIROS DE OBRAS;Migração;1282
3032;COMERCIALIZACAO DE LOTES DE ASSENTAMENTO;Migração;1283
3033;SOLICITA EQUIPAMENTOS;Migração;1284
3034;SOLICITA ABONO DE PONTO;Migração;1285
3035;SOL QUADRO DEMONSTRATIVOS DE LOTES;Migração;1286
3036;SOLICITA PROCESSO ;Migração;1287
3037;ENVIA MINUTA DE OFICIO;Migração;1288
3038;AUTORIZA PRORROG P/ ENTREAGA DE DOCUMENT;Migração;1289
3039;SOLIC SUSPENSAO DE FERIAS DE SERVIDOR;Migração;1290
3040;RECOLHIMENTO DE LIQUIDACAO ANTECIPADA;Migração;1291
3041;PAGAMENTO DE PRESTACOES DE RETORNO A CEF;Migração;1292
3042;RENEGOCIACAO DE DIVIDA JUNTO A CEF;Migração;1293
3043;BUSCA DE PROCESSOS;Migração;1294
3044;ENCAMINHAMENTO DE PLANILHAS ;Migração;1295
3045;ENCAMINHAMENTO DE BOL.TRIMEST. DE INFORM;Migração;1296
3046;ENC CONVENIO DE COOPERACAO TECNICA;Migração;1297
3047;SOLICITA CONSERTO DE APARELHO;Migração;1298
3048;ENC.CRONOG DA PROG INTERNA DE CAP INT HU;Migração;1299
3049;INFORMAÇÃO SOLICITADA;Migração;1300
3050;SOL PROVIDENCIAS ELABORACAO DE PROJETO;Migração;1301
3051;IMPLEMENTACAO DE PROJETOS;Migração;1302
3052;COORDENACAO DE PROJETOS ESTRATEGICOS;Migração;1303
3053;CONTRATACAO DE FIRMAS PARA REPARO;Migração;1304
3054;CONTRATAÇÃO FIRMA;Migração;1305
3055;ENCAMINHAMENTO FATURA;Migração;1306
3056;SOLICITA MANUTENCAO DE VEICULOS;Migração;1307
3057;CONTRATACAO DE SEGUROS DE VEIC. E IMOVEI;Migração;1308
3058;SEAGE ASSUNTOS DIVERSOS;Migração;1309
3059;SOLICITA CERTIDOES DE FEITOS AJUIZADOS;Migração;1310
3060;SOL PROVIDENCIAR PLANO DE VENDAS IMOV/CO;Migração;1311
3061;SOLICITA ADEQUACAO DE CONTRATOS AO SFH;Migração;1312
3062;SOLICITA PAGAMENTO DE CUSTAS CARTORAIS;Migração;1313
3063;ENCAMINHA GUIA DE RECOLHIMENTO DO FCVS;Migração;1314
3064;SOL VALOR ARRECADADO JUNTO AOS MUTUARIOS;Migração;1315
3065;SOLIC O VALOR PAGO A CEF CONT DE EMPREST;Migração;1316
3066;SOL BUSCAS LOCAL MAPA DE REC DO FCVS;Migração;1317
3067;RELACAO DE PESSOAS IMPEDIDAS DE OP C/SFH;Migração;1318
3068;ENCAMINHA MAPA DE CONTRIB TRIMESTRAL;Migração;1319
3069;ENCAMINHA PROGRAMA HABITACIONAL;Migração;1320
3070;ENCAMINHA PROJETOS;Migração;1321
3071;ENCAMINHA RELATORIO;Migração;1322
3072;SOLICITA RESPOSTAS A CONSULTA;Migração;1323
3073;SOLICITA INTERFERENCIA DA DIRETORIA;Migração;1324
3074;SOLICITA SERVICOS;Migração;1325
3075;SOLICITA CONSULTAS;Migração;1326
3076;ENCAMINHA BALANCETE PATRIMONIAL;Migração;1327
3077;REGULARIZACAO/CADASTRO DE SERVIDOR;Migração;1328
3078;SOLICITA RELATORIO DE  ATIVIDADES;Migração;1329
3079;SOLICITAÇÃO DE PROCESSO;Migração;1330
3080;CONVOCACAO DE REUNIAO NO GAPRE;Migração;1331
3081;ENCAMINHA AS DIRET. DOC.P/ CONH./PROV.N.;Migração;1332
3082;ENCAMINHA AS ASSESS. DOC P/ CONH./PROV.;Migração;1333
3083;INFORMA MUDANCA DE HORARIO ;Migração;1334
3084;CONVOCA SERVIDORES PARA REUNIAO;Migração;1335
3085;INFORMA NOVA LOTACAO DE SERVIDOR;Migração;1336
3086;SOLICITA PROV. EMISSAO DE PASSAGENS;Migração;1337
3087;SOLICITA EXPEDIR TELEGRAMAS;Migração;1338
3088;ENCAMINHA AO SEPRO DOC. P/ ARQUIVO;Migração;1339
3089;SOLICITA PROVIDENCIAR AUTO.P/ USO EXT.;Migração;1340
3090;SOL. ESCL. SOBRE DOC. JA ENCAMINHADO;Migração;1341
3091;SOLICITA   PARECER DE DOCUMENTOS;Migração;1342
3092;SOL. TRANSFERENCIA DE MOVEL DO SETOR;Migração;1343
3093;SOLICITA AQUISICAO DE BENS MOVEIS;Migração;1344
3094;SOLICITA PROVIDENCIAS ;Migração;1345
3096;AQUISIÇÃO PROGRAMA DE COMPUTADOR - BID;Migração;1346
3097;CONFECCAO DE PLACAS;Migração;1347
3098;PAGAMENTO DE FATURA;Migração;1348
3099;MUDANÇA DE DESTINAÇÃO DE ÁREA;Migração;1349
3100;LIBERACAO DAS NORMAS DE EDIFICACAO;Migração;1350
3101;REMOÇÃO DE SERVIDOR;Migração;1351
3102;ENCAMINHA DIPLOMA ;Migração;1352
3103;DECISÃO DO TCDF ;Migração;1353
3104;SOLICITA DOCUMENTO;Migração;1354
3105;CASAS FUNCIONAIS;Migração;1355
3106;DESCONTO EM FOLHA DE PAGAMENTO;Migração;1356
3107;ACERVO PARA CONSULTA JURIDICA;Migração;1357
4000;ENCAMINHA MINUTA DE LEI;Migração;1358
4001;comunica licensa administrativa de serv.;Migração;1359
4002;EXECUÇÃO DE LIMPEZA DE CAIXA DÁGUA;Migração;1360
4003;COMUNICA TRANSFERENCIA DE REUNIÃO;Migração;1361
4004;INDENIZAÇÃO DE BENFEITORIAS;Migração;1362
4102;NOTA DE INSPEÇÃO;Migração;1363
4103;COMUNICADO DE EXTINÇÃO;Migração;1364
4104;REQUISICAO DE BENS;Migração;1365
4105;DISPENSA SERVIDOR;Migração;1366
4106;ENC. RELATÓRIO SOCIAL ;Migração;1367
4549;CONVITE;Migração;1368
4550;LOTEAMENTO IRREGULAR;Migração;1369
4560;QUADRO DE PROGRESSÃO FUNCIONAL;Migração;1370
4676;ELABORAÇÃO PLANO PRESERVAÇÃO;Migração;1371
4677;PLANO DIRETOR LOCAL;Migração;1372
4678;INCORPORAÇÃO DE ÁREA;Migração;1373
4679;INSTAURAR PROCESSO DE ACIDENTE;Migração;1374
4700;NEGOCIAÇÃO DE DÉBITO;Migração;1375
4701;ACERTO RECISORIO;Migração;1376
4799;ANULAÇÃO DE NOTA DE EMPENHO;Migração;1377
4800;DEVOLUCAO DE FIANCA;Migração;1378
4801;INCONSTITUCIONALIDADE DE LEI ;Migração;1379
5000;AVALIACAO DE LOTES;Migração;1380
5001;CONVÊNIO DE COOPERAÇÃO;Migração;1381
5002;CONTRATO DE COMODATO;Migração;1382
5003;MINUTA DE PORTARIA;Migração;1383
5004;ABERTURA DE CONTA CORRENTE;Migração;1384
5005;BLOQUEIO DE VENDA ;Migração;1385
5006;LISTAGEM DE CADASTRO ;Migração;1386
5007;LIBERAÇÃO ESCRITURA;Migração;1387
5008;AUTORIZAÇÃO DE FUNCIONAMENTO;Migração;1388
5009;INADIMPLÊNCIA DE CONTRIBUIÇÃO;Migração;1389
5010;SUSPENSÃO DE PERMISSÃO;Migração;1390
5011;REDISTRIBUIÇÃO DE SERVIÇOS;Migração;1391
5012;MODELO DE QUESTIONÁRIO;Migração;1392
5013;RECOLHIMENTO DE BEM ;Migração;1393
5014;EQUIPAMENTO DEFICIENTE;Migração;1394
5015;EDIÇÃO;Migração;1395
5016;CONFECÇÃO DE CARIMBOS;Migração;1396
5017;ADESÃO;Migração;1397
5018;CESSÃO DE SERVIDOR;Migração;1398
5019;DOAÇÃO;Migração;1399
5020;REGULAMENTAÇÃO LEI;Migração;1400
5021;CADASTRAMENTO;Migração;1401
5022;CRIAÇÃO DE SETOR HABITACIONAL;Migração;1402
5023;COLOCAÇÃO DE NOTAS;Migração;1403
5024;RELAÇÃO DE LOTES;Migração;1404
5025;ENCAMINHA CÓPIA DE SENTENÇA;Migração;1405
5026;PROJETO DE PARCELAMENTO;Migração;1406
5027;RECEBIMENTO;Migração;1407
5028;AGENDAR REUNIÃO;Migração;1408
5029;REALIZAÇÃO DE EVENTOS;Migração;1409
5030;INCLUSÃO DE SÓCIOS;Migração;1410
5031;TOMADA DE CONTA DE MATERIAL;Migração;1411
5032;CONTROLE DE ENTRADA E SAIDA DE BENS;Migração;1412
5033;TERMO DE COMODATO;Migração;1413
5034;TROCA DE MATERIAL;Migração;1414
5035;CRIAÇÃO E IMPLANTAÇÃODE POLO;Migração;1415
5036;CONTRATO DE GESTAO;Migração;1416
5037;APURACAO DE DENÚNCIA;Migração;1417
5038;PROPOSTA ORÇAMENTARIA;Migração;1418
5039;ENCAMINHA PROCESSO;Migração;1419
5040;PRESTAÇÃO DE INFORMAÇÃO;Migração;1420
5041;AUTUAÇÃO DE DOCUMENTO;Migração;1421
5042;ENCAMINHA COPIA DOCUMENTO;Migração;1422
5043;TERMO DE OCUPAÇÃO;Migração;1423
5044;NOTA DE DEBITO;Migração;1424
5045;INTIMAÇÃO;Migração;1425
5046;CESSAO DE SERVIDOR;Migração;1426
5047;AUTORIZAÇÃO DE CESSÃO;Migração;1427
5048;REPASSE DE LOTE;Migração;1428
5049;APURAÇÃO DISPONIBILIDADE;Migração;1429
5050;ENCERRAMENTO DO TRABALHO;Migração;1430
5051;AQUISICAO DE APARELHO;Migração;1431
5052;REFORMA DE IMOVEL;Migração;1432
5053;MUDANÇA DE ENDEREÇO;Migração;1433
5054;ANALISE DE REQUERIMENTO;Migração;1434
5055;ENCAMINHA DISKETE;Migração;1435
5056;ATUALIZACAO DE CADASTRO;Migração;1436
5057;ANALISE DE PROCESSO;Migração;1437
5058;RENOVACAO DE CONVENIO;Migração;1438
5059;FORMAL DE PARTILHA;Migração;1439
5060;INSCRICAO EM PROGRAMA DE MORADIA;Migração;1440
5061;ANALISE DE DOCUMENTO;Migração;1441
5062;DESLIGAMENTO;Migração;1442
5063;CONTESTACAO;Migração;1443
5064;PROJETO DE LEI;Migração;1444
5065;RESPOSTA DOCUMENTO;Migração;1445
5066;ATESTO DE LIGACOES;Migração;1446
5067;ELABORACAO DE ESTUDO;Migração;1447
5068;REVISAO DE DEBITO;Migração;1448
5069;SEGURO HABITACIONAL ;Migração;1449
5070;DESMEMBRAMENTO AREA;Migração;1450
5071;ELOGIOS;Migração;1451
5072;CRIACAO DE REGIAO ADMINISTRATIVA;Migração;1452
5073;PRORROGACAO DE CONVENIO;Migração;1453
5074;BAIXA DE CONVENIO;Migração;1454
5075;APURACAO DE SUPERAVIT;Migração;1455
5076;TERMO DE POSSE;Migração;1456
5077;SOLICITA AUDIENCIA;Migração;1457
5078;ABERTURA DE CREDITO SUPLEMENTAR;Migração;1458
5079;RECLAMACOES;Migração;1459
5080;CRIACAO DE COMISSAO;Migração;1460
5081;AGRAVO DE INSTRUMENTO;Migração;1461
5082;DEPURAÇÃO CONTRATO;Migração;1462
5083;PROGRAMA ASSOCIACAO SOLIDARIA;Migração;1463
5084;ENCAMINHA MAPA;Migração;1464
5085;CORRECAO DE IMOVEIS;Migração;1465
5086;CONSIGNACAO;Migração;1466
5087;DISPONIBILIZACAO DE AREA;Migração;1467
5088;SANEAMENTO E ACERTO DE CONTAS;Migração;1468
5089;AQUISIÇAO VESTUÁRIO E COMPLEMENTOS;Migração;1469
5090;DEVOLUCAO DE CARTUCHO;Migração;1470
5091;CONSULTA À PGDF;Migração;1471
5092;ENCAMINHA DOCUMENTOS REF. PDOT;Migração;1472
5093;REVISÃO DO PDOT;Migração;1473
6861;RELACAO DE BENS;Migração;1474
6862;PROPOSTA DE IMPLANTAÇÃO;Migração;1475
6863;ABONO DE PERMANÊNCIA ;Migração;1476
6864;ALTERAÇAO QUADRO SOLICITAÇAO CREDITOS;Migração;1477
6865;LEVANTAMENTO DE DADOS;Migração;1478
7000;TESTE DE IMPLANTAÇÃO;Migração;1479
8014;JETON;Migração;1480
8015;CONTRATO DE REPASSE;Migração;1481
8016;SERVIÇOS DE PUBLICIDADE;Migração;1482
8017;CONFERENCIA NACIONAL;Migração;1483
8018;EDITAL CHAMAMENTO;Migração;1484
8019;CONTABILIZACAO DE SALDO;Migração;1485
8020;TRANSLADO;Migração;1486
8021;ENCAMINHA SUGESTAO;Migração;1487
8022;CONSULTA RECURSO ;Migração;1488
8024;LEVANTAMENTO EM INVASAO;Migração;1489
8025;VENDA SUSTADA;Migração;1490
8026;PARTICIPACAO;Migração;1491
8027;SOLICITA INTERCEDER;Migração;1492
8028;RESPONSABILIDADE DE DIVIDA;Migração;1493
8029;RELATORIO DE ANALISE;Migração;1494
8030;ORIENTACAO JURIDICA;Migração;1495
8031;ADMINISTRACAO DE IMOVEIS;Migração;1496
8032;CARTA CONVOCATORIA;Migração;1497
8033;SOLICITA;Migração;1498
8034;ENCAMINHA NOTA DE CREDITO;Migração;1499
8035;EDITAL DE LICITACAO;Migração;1500
8036;CONTROLE DE PREV  RECEITA CONTABILIZADA;Migração;1501
8040;SOLICITA INCLUSAO DE NOME ;Migração;1502
8041;SUBSTITUIÇAO DE NOME;Migração;1503
8042;CONVÊNIO PARA EXPOSIÇÃO ;Migração;1504
8043;REALIZAÇÃO DE VISTORIA;Migração;1505
8044;REGULARIZAÇAO SITUAÇAO ;Migração;1506
8045;REITERA SOLICITAÇÃO;Migração;1507
8046;TOMADA DE CONTA;Migração;1508
8047;CONVÊNIO UNIÃO X GDF;Migração;1509
8049;REPARCELAMENTO;Migração;1510
8050;CONFISSÃO DE DÉBITO;Migração;1511
9000;ESTRUTURA DE INFORMATICA;Migração;1512
9001;EMISSÃO DE FOLHA DE PONTO;Migração;1513
9002;INFORMAÇÃO CADASTRAL;Migração;1514
9003;ANÁLISE DE PEDIDO ADMINISTRATIVO;Migração;1515
9004;REGULARIZAÇÃO FUNDIÁRIA;Migração;1516
9005;DEVOLUÇÃO PRESTAÇÃO;Migração;1517
9006;AVALIAÇÃO DE ÁREA;Migração;1518
9007;DETERMINAÇÃO JUDICIAL;Migração;1519
9008;PROGRAMA NOVA POLÍTICA HABITACIONAL GDF;Migração;1520
9009;REMARCAÇÃO ÁREA;Migração;1521
9010;SOLICITAÇÃO MORADIA;Migração;1522
9011;EXECUÇÃO ALIMENTOS;Migração;1523
9012;INSPEÇÃO TCDF;Migração;1524
9013;CONVÊNIO CÂMARA/SHIS ;Migração;1525
9014;COMUNICAÇÃO REUNIÃO;Migração;1526
9015;PDGI;Migração;1527
9016;RESSARCIMENTO PRESTAÇÃO;Migração;1528
9017;RELATÓRIO;Migração;1529
9018;DESPACHO PROJU;Migração;1530
9019;ERRADICAÇÃO CONSTRUÇÃO IRREGULAR;Migração;1531
9020;INFORMATIVO JURÍDICO;Migração;1532
9021;ATUALIZAÇÃO;Migração;1533
9022;REVISÃO INSCRIÇÃO;Migração;1534
9023;COMUNICAÇÃO AUDIÊNCIA;Migração;1535
9024;CUMPRIMENTO EXIGÊNCIAS;Migração;1536
9025;ATENDIMENTO PENDÊNCIAS;Migração;1537
9026;BAIXA CONTÁBIL;Migração;1538
9027;CONVÊNIO CAIXA;Migração;1539
9028;SOLICITAÇÃO VEICULOS;Migração;1540
9029;SÚMULA VINCULANTE;Migração;1541
9030;ORDEM SERVIÇO;Migração;1542
9031;INTEGRALIZAÇÃO CAPITAL SOCIAL;Migração;1543
9032;RESCISÃO CONTRATO;Migração;1544
9033;DESPESAS CARTORÁRIAS;Migração;1545
9034;CONVENIO BRB SERV;Migração;1546
9035;CRIAÇÃO FUNDO;Migração;1547
9036;REPASSE RECURSOS;Migração;1548
9037;EDITAL CREDENCIAMENTO;Migração;1549
9038;CHEQUE MORADIA;Migração;1550
9039;AQUISIÇÃO MATERIAL PERMANENTE;Migração;1551
9040;PAGAMENTO CUSTAS CARTORARIAS;Migração;1552
9041;ALTERAÇÃO ORÇAMENTO;Migração;1553
9042;ADESÃO ATA REGISTRO PREÇOS;Migração;1554
9043;TRANSFERÊNCIA MATERIAL PERMANENTE;Migração;1555
9044;EDITAL CLASSIFICAÇÃO;Migração;1556
9045;CONVOCAÇÃO DODF 130/09;Migração;1557
9046;FIXAÇÃO ESTRUTURAL;Migração;1558
9047;FIXAÇÃO PORTO RICO;Migração;1559
9048;CONVOCAÇÃO DODF 174/09;Migração;1560
9049;CONVOCAÇÃO CARTA 027/09;Migração;1561
9050;CONVOCAÇÃO DODF 137/09;Migração;1562
9051;FIXAÇÃO VARJÃO;Migração;1563
9052;CONVOCAÇÃO DODF 030/09;Migração;1564
9053;REGULARIZAÇÃO BECO CEILÂNDIA;Migração;1565
9054;CONVOCAÇÕES DISPERSAS;Migração;1566
9055;CONVOCAÇÃO DODF 28/04/09 BRAZLANDIA;Migração;1567
9056;CONVOCAÇÃO CARTA 069/09;Migração;1568
9057;CONVOCAÇÃO CARTA 527/09;Migração;1569
9058;CONVOCAÇÃO CARTA 927/09;Migração;1570
9059;FIXAÇÃO BRAZLANDIA;Migração;1571
9060;CONVOCAÇÃO CARTA 327/09;Migração;1572
9061;CONVOCAÇÃO CARTA 236/09;Migração;1573
9062;CONVOCAÇÃO CARTA 222/09;Migração;1574
9063;CONVOCAÇÃO CARTA REALOCAÇÃO CAESB;Migração;1575
9064;CONVOCAÇÃO REALOCAÇÃO OUT/08;Migração;1576
9065;CONVOCAÇÃO CARTA 936/09;Migração;1577
9066;CONVOCAÇÃO DECRETO 29880/08;Migração;1578
9067;CONVOCAÇÃO CARTA 751/09;Migração;1579
9068;CONVOCAÇÃO CARTA 761/09;Migração;1580
9069;CONVOCAÇÃO CARTA 105/09;Migração;1581
9070;CONVOCAÇÃO DODF VILA MILITAR;Migração;1582
9071;CONVOCAÇÃO CARTA 422/09;Migração;1583
9072;CONVOCAÇÃO CARTA 099/09;Migração;1584
9073;CONVOCAÇÃO 613/09;Migração;1585
9074;CONVOCAÇÃO CARTA 652/09;Migração;1586
9075;CONVOCAÇÃO CARTA 919/09;Migração;1587
9076;CONVOCAÇÃO CARTA 051/09;Migração;1588
9077;CONVOCAÇÃO CARTA 444/09;Migração;1589
9078;CONVOCAÇÃO CARTA 102/09;Migração;1590
9079;CONVOCAÇÃO CARTA 173/09;Migração;1591
9080;CONVOCAÇÃO CARTA 009/09;Migração;1592
9081;CONVOCAÇÃO CARTA 943/09;Migração;1593
9082;CONVOCAÇÃO CARTA 379/09;Migração;1594
9083;FIXAÇÃO ITAPOÃ;Migração;1595
9084;CONVOCAÇÃO CARTA 931/09;Migração;1596
9085;CONVOCAÇÃO CARTA 603/09;Migração;1597
9086;CONVOCAÇÃO CARTA 234/09;Migração;1598
9087;REALOCAÇÃO SAMAMBAIA;Migração;1599
9088;CONVOCAÇÃO CARTA 1035/09;Migração;1600
9089;REGULARIZAÇÃO ÁREA;Migração;1601
9090;DECLARAÇÃO NÃO POSSUIR IMOVEL NO DF;Migração;1602
9091;AQUISIÇÃO CERTIFICADO DIGITAL;Migração;1603
9092;ENCAMINHA REQUERIMENTO;Migração;1604
9093;APENSADO AO PROCESSO;Migração;1605
9094;RESPOSTA PROMAI;Migração;1606
9095;RESPOSTA PGDF;Migração;1607
9096;RESPOSTA SEOPS;Migração;1608
9097;RESPOSTA GRUPAR;Migração;1609
9098;RESPOSTA GAG;Migração;1610
9099;RESPOSTA CEB;Migração;1611
9100;RESPOSTA CAESB;Migração;1612
9101;RESPOSTA CEAJUR;Migração;1613
9102;RESPOSTA NOVACAP;Migração;1614
9103;RESPOSTA TERRACAP;Migração;1615
9104;RESPOSTA CLDF;Migração;1616
9105;RESPOSTA PMDF;Migração;1617
9106;RESPOSTA PCDF;Migração;1618
9107;RESPOSTA SEPLAG;Migração;1619
9108;RESPOSTA GAV;Migração;1620
9109;RESPOSTA SEF;Migração;1621
9110;RESPOSTA SEG;Migração;1622
9111;EDITAL CHAMAMENTO 01/2009;Migração;1623
9112;SUPLEMENTAÇÃO ORÇAMENTÁRIA;Migração;1624
9113;REALOCAÇÃO VILA SÃO JOSE;Migração;1625
9114;ESTRUTURAL FIXAÇÃO;Migração;1626
9115;EDITAL CREDENCIAMENTO 01/2008;Migração;1627
9116;CONTRA-RAZÕES AO RECURSO;Migração;1628
9117;AQUISIÇÃO IMOVEL SAMAMBAIA;Migração;1629
9118;AQUISIÇÃO IMOVEL SANTA MARIA;Migração;1630
9119;AQUISIÇÃO IMOVEL CIDADE OCIDENTAL;Migração;1631
9120;APURAÇÃO SUPERAVIT FINANCEIRO;Migração;1632
9121;FIXAÇÃO VARJÃO;Migração;1633
9122;LICENÇA PREMIO PECUNIA;Migração;1634
9123;EDITAL CHAMAMENTO 01/2010;Migração;1635
9124;AQUISIÇÃO IMOVEL RECANTO DAS EMAS;Migração;1636
9125;PROJETO HABITACIONAL;Migração;1637
9126;PROCEDIMENTO ADMINISTRATIVO;Migração;1638
9127;INCLUSÃO CADASTRO;Migração;1639
9128;DODF JARDIM MANGUEIRAL;Migração;1640
9129;DESISTENCIA;Migração;1641
9130;VENDA LOTES;Migração;1642
9131;LAUDO AVALIAÇÃO;Migração;1643
9132;CONTRATO;Migração;1644
9133;COMISSÃO ESTOQUE ALMOXARIFADO/CODHAB;Migração;1645
9134;PAGAMENTO DODF ;Migração;1646
9135;LICITAÇÃO SERVIÇOS TÉCNICOS;Migração;1647
9136;INSTITUIÇÃO GRUPO DE TRABALHO;Migração;1648
9137;CERTIDÕES CARTORARIAS;Migração;1649
9138;DEFESA ;Migração;1650
9139;PROJETO DE REGULARIZAÇÃO;Migração;1651
9140;REMOÇÃO AREA PUBLICA;Migração;1652
9141;PORTARIA CONJUNTA;Migração;1653
9142;RECEBIMENTO DE DENUNCIA ;Migração;1654
9143;REALOCAÇÃO;Migração;1655
9144;CONVOCAÇÃO ESTRUTURAL 12257/10;Migração;1656
9145;REALOCAÇÃO VILA RABELO;Migração;1657
9146;ISENÇÃO TRIBUTO;Migração;1658
9147;INCLUSÃO PROGRAMA;Migração;1659
9148;EMBARGOS DE DECLARAÇÃO;Migração;1660
9149;OFICIO 043/2011;Migração;1661
9150;ANÁLISE TÉCNICA ;Migração;1662
9151;LAUDO DE SONDAGEM;Migração;1663
9152;EXONERAÇAO;NULL;1664
9153;CREDENCIAMENTO COOPERATIVAS;NULL;1665
9154;MULTIDÃO DAS ESCRITURAS;NULL;1666
9155;MUTIRÃO DAS ESCRITURAS;NULL;1667
9156;BENEFICIO FISCAL;NULL;1668
9157;RECONHECIMENTO DE DÍVIDA;NULL;1669
9158;SISTEMA SIC;SISTEMA SIC;1670
9159;ALTERAÇÃO ESTATUTO SOCIAL;Novo;1671
9160;AVALIAÇÃO DE AÇÃO GOVERNAMENTAL;NOVO;1672
9161;ACOMPANHAMENTO SOCIAL;NOVO;1673
9162;TERMO DE COOPERAÇÃO TÉCNICA;NOVO;1674
9163;CONCURSO;Novo;1675
9164;EDITAL DE CONCURSO;Novo;1676
9165;CUMPRIMENTO DE SENTENÇA;NOVO;1677
